"english","conlang","etymology"
"we eat","נֶמִּיצוּ","Algonquian verb stem מִּיצוּ (miitsuw, 'to eat') with 1st person prefix נֶ־. The verb carries person marking inside itself—no separate pronoun needed. From Eastern Algonquian food vocabulary."
"bread","אֲפוּאָן","Lenape apuaan, the word for bread that emerged from indigenous bread-making traditions. Food vocabulary stays rooted in the land's practices."
"house, dwelling, home","וִיגְוָאם","Munsee/Lenape wigwaam, the word for dwelling that carries the whole concept of home. Can take locative suffix -ינְק or possessive prefixes."
"in/at the house (locative)","וִיגְוָאמִינְק","Base וִיגְוָאם plus locative suffix -ינְק, marking place. Often combined with Hebrew preposition ב־ for emphasis: בְּוִיגְוָאמִינְק."
"to sing, to ring (metallic)","נַחְקוֹהוּמֵין","Algonquian verb with beautiful double meaning: the ringing of struck metal AND the ringing of voices in song. When things ring together—bells, voices—it's the same verb."
"softly, quietly, gently","נוֹקְסוּ","Algonquian adverb modifying verbs of sound or action. Softens whatever it accompanies."
"to hear each other (reciprocal)","פּוּנְדַאוּוֵין","Algonquian verb with built-in reciprocity—not just 'hear' but 'hear one another.' The relationship is inside the word's bones."
"to see, perceive","וָאפּוּוָא / וָאפּוּוֵין","Algonquian perception verb. Takes נֶ־ for 'we see.' Perception verbs come from Algonquian because these languages encode sensory experience with such nuance."
"path, road, way, trail","תְּמָקָאן","Lenape təmakaan, the physical path walked. One of the anchor words connecting people to land. Takes locative -ינְק and plural -אַק."
"the day","הַיּוֹם","Hebrew hayyom with definite article. Abstract time stays Hebrew; the physical path beneath feet stays Algonquian."
"young person, youth","נָעַר","Hebrew na'ar. Abstract concepts of life stages come from Hebrew's prophetic vocabulary."
"hope","תִּקְוָה","Hebrew tikvah, the great prophetic noun. Could not come from anywhere else—it carries centuries of yearning."
"new movement, stirring","ווּסְקְסוּ","Algonquian verb suggesting fresh motion, something beginning to move. The physical stir that precedes abstract hope."
"to walk well, walk in a good way","מְנוֹקוְויֵין","Magnificent polysynthetic Algonquian verb: not just 'walk' but 'walk well'—the manner fused into the verb. One word for what English needs four to say."
"with good heart(s), good intentions","בְּלֵב־טוֹב","Hebrew compound: ב־ (in/with) + לֵב (heart) + טוֹב (good). Ethical vocabulary from Hebrew's wisdom tradition."
"it gives to us (inverse)","תְּפַקְסְנִיוּ","Algonquian verb showing inverse construction—an inanimate thing acts upon animate recipients. The relationship between actor and recipient can flip."
"to us","לָנוּ","Hebrew dative pronoun. The little function words come from Hebrew."
"light","אוֹר","Hebrew or, one of the great spiritual nouns. Physical fire might be Algonquian; spiritual light is Hebrew."
"to tend, maintain, care for","גַנָאוֵין","Algonquian verb for careful maintenance of things. Hand-work vocabulary from the land."
"tools","כֵּלִים","Hebrew kelim with masculine plural. Domestic vocabulary that would have been shared early in contact."
"to shape, craft, form","קוּלְמַאהְקֵין","Algonquian verb for shaping and crafting. Physical making comes from Algonquian."
"to carry, bear along","פּוּמָאוֵין","Algonquian verb for physical transport. Motion vocabulary from the land."
"fruit","פְּרִי","Hebrew pri. Agricultural vocabulary crossed over early."
"to glow, shine","וָאסָאקְוֵין","Algonquian verb for radiance, glowing. Light-quality words from Algonquian."
"to remember, hold in mind","מִקְוֵינְדַאמֵין","Algonquian memory verb. When remembering the land, the language of the land carries the memory."
"paths (plural)","תְּמָקָאנַאק","תְּמָקָאן with inanimate plural suffix -אַק. Paths as a category."
"beside the waters, at the water-place","סְוַאנִינְק","Fully Algonquian locative: the water-place with -ינְק suffix. No Hebrew preposition needed."
"to give","מִּינֵין","Algonquian verb for giving. With נֶ־: 'we give.'"
"help, aid","עֶזְרָה","Hebrew ezrah. Abstract ethical nouns from Hebrew."
"to one another, reciprocally","פַּחְקְוֵינָה","Algonquian adverb expressing reciprocity, back-and-forth between people. Rich vocabulary for social bonds."
"to build, make, do","אוֹשֵׁין","Algonquian verb for physical building and making. Concrete creation from the land's language."
"together","יַחַד / בְּיַחַד","Hebrew yachad. Communal action expressed as modifier rather than inside the verb."
"ring, song, resonance (as noun)","נַחְקוֹהוּמֵין","The verb used as noun: the ringing, the song, the resonance of struck things or raised voices."
"hammer","פַּטִּישׁ","Hebrew patish. Domestic tool vocabulary."
"breath","נְשִׁימָה","Hebrew nəshimah. Internal, spiritual vocabulary."
"one","פֵּייָאק","Algonquian number. Everyday counting from Algonquian; sacred numbers may use Hebrew."
"child","אֲבִינוֹדְיִין","Algonquian word for child. Kinship and life-stage vocabulary from the land."
"small child, little one (diminutive)","אֲבִינוֹדְיִינְשׁ","Base אֲבִינוֹדְיִין plus diminutive suffix -שׁ. Endearment, smallness, young age."
"s/he brings, carries to","פֵּיטַאוֵי","Algonquian verb with 3rd person prefix וְ־. Bringing and carrying vocabulary."
"to kindle fire, make light","סְקָאטֵאוֵין","Crucial Algonquian verb—fire-making was central to daily life and ceremony. With נֶ־: 'we kindle.'"
"bear","מַחְקוֹשׁוּ","Eastern Algonquian word for bear. Animal vocabulary from the land."
"little bear (diminutive)","מַחְקוֹשׁוּאֵשׁ","Bear with diminutive suffix -אֵשׁ. Endearing, small, young."
"s/he rests, lies down","אַאנְוֵי","Algonquian verb with 3rd person marking. Domestic, restful vocabulary."
"shoe","נַעַל","Hebrew na'al. Domestic vocabulary."
"our shoes (possessive)","נְנַעַל","Hebrew noun נַעַל with Algonquian possessive prefix נְ־ ('our'). Hybrid morphology."
"at our shoe-place (locative)","נְנַעֲלִינְק","Triple hybrid: Hebrew noun + Algonquian possessive prefix + Algonquian locative suffix. Languages blending."
"roofs","גַּגִּים","Hebrew gagim with masculine plural. Architectural vocabulary."
"they gather (animate plural)","מָאוֵינַאק","Algonquian verb with animate plural agreement -אַק. The roofs gather as living agents."
"gardens","גַּנִּים","Hebrew ganim with masculine plural. Horticultural vocabulary."
"they rise, grow (animate plural)","נִיתָּאוֵינַאק","Algonquian verb for rising/growing with animate plural agreement. Gardens rise as living things."
"boxes","אַרְגַּזִּין","Hebrew plural. Container vocabulary."
"assemblies, councils","עֲצוֹת","Hebrew atzot. Abstract governance vocabulary requiring formal register."
"to arrange (participle)","מְסַדְּרוֹת","Hebrew participle. Councils deliberate in Hebrew."
"measure, balance","מִדָּה","Hebrew midah. Abstract ethical measurement."
"hearth, fire-place (locative)","אִישְׁקוֹטֵאוִינְק / אִישְׁקוֹטֵאוּ","Algonquian ishkotew (fire) with locative suffix. The fire that warms everyone. Base form for stove/hearth."
"s/he calls, sounds","טֵפְוֵי","Algonquian voice/sound verb with 3rd person marking."
"kindness, lovingkindness, covenant loyalty","חֶסֶד","Hebrew chesed, untranslatable. Faithful love, covenant loyalty, lovingkindness."
"the people (animate plural)","לֵנוּוָאק","Lenape lənuw (person) with animate plural -אַק. How the people are named."
"they go, walk on, continue","פֵּימוֹסֵאוַאק","Algonquian motion verb with plural agreement. The people go on."
"hands","יָדַיִם","Hebrew yadayim, dual form. Body vocabulary."
"work, labor","עֲבוֹדָה","Hebrew avodah. Work as concept."
"voices","קוֹלוֹת","Hebrew kolot, plural. Sound as abstract concept."
"together, gathered, joined","מַאמָאוֵי","Algonquian adverb for unity, gathering together. Rich social vocabulary."
"and it came to pass","וַיְהִי","Biblical Hebrew narrative opener. Kicks the wayyiqtol engine into gear—from here, every וַיִּ־ pushes the story forward."
"three","שְׁלֹשָׁה","Hebrew number. Sacred/formal counting."
"was set, arranged (passive)","וַיֵּעָרֶךְ","Hebrew wayyiqtol passive. The narrative engine."
"they sat","וַיֵּשְׁבוּ","Hebrew wayyiqtol. Sequential narrative action."
"they lifted","וַיִּשְׂאוּ","Hebrew wayyiqtol. Each verb advances time."
"cups (animate plural)","מִנִיקְוָאגַנַאק","Algonquian minəkwaagan (cup) with animate plural -אַק. Cups are alive—they hold drink for people, participate in hospitality."
"suddenly","פִּתְאֹם","Hebrew pit'om. Temporal adverb."
"it became dark","וַיֶּחְשַׁךְ","Hebrew wayyiqtol for darkness coming."
"they stood still","וַיַּעַמְדוּ דּוּם","Hebrew phrase: stood + still. The frozen moment."
"phone, telephone","טֵלֶפּוּן","Modern loanword adapted to Hebrew orthography."
"phone-light (compound)","אוֹר־טֵלֶפּוּן","Hebrew-style compound: light + phone. Modern life, ancient grammar."
"this one (proximate)","יוֹ","Discourse tracking particle marking the current center of narrative attention. No name needed."
"that one (obviative)","יוֹוָא","Discourse tracking particle with obviative suffix -וָא. The other salient third person, 'offstage.'"
"s/he blinked","וַיִּמְצְמֵץ","Hebrew wayyiqtol. Rapid slapstick action."
"s/he lurched, was pushed","וַיִּדָּחֵף","Hebrew wayyiqtol reflexive/passive. Physical comedy."
"knee","בֶּרֶךְ","Hebrew berekh. Body vocabulary."
"they jumped","וַיִּקְפְּצוּ","Hebrew wayyiqtol. More slapstick momentum."
"s/he sought, looked for","נָאטוֹנֵי","Algonquian verb for seeking. Can enter wayyiqtol frame as וַיְּנָאטוֹנֵי."
"candle, light-making-thing","וָאסָאקוֹנֵינְדִיגַן","Fully Algonquian compound: waasaakonenjigan, 'thing that makes light.' Ceremonial object."
"match","גַּפְרוּר","Hebrew gafrur. Domestic fire-making."
"smoke alarm (compound)","אַזְעָקַת־עָשָׁן","Hebrew compound: cry-of-smoke. Modern device, ancient pattern."
"its cry, its voice","קוֹלָהּ","Hebrew noun with feminine possessive suffix. The alarm's voice."
"to help","עֶזְרָה","Hebrew noun used as infinitive complement: לְעֶזְרָה 'to help.'"
"breaker, switch","מַפְסֵק","Hebrew mafsek. Technical vocabulary."
"door","דֶּלֶת","Hebrew delet. Architectural vocabulary."
"door-place (locative)","דֶּלֶטִינְק","Hebrew noun + Algonquian locative suffix. Hybrid morphology in action."
"wrong, mistaken","שְׁגוּיָה","Hebrew adjective."
"coats","מְעִילִים","Hebrew me'ilim, plural. Clothing vocabulary."
"sleeves","שְּׂרָוָלִים","Hebrew sharvulim, plural. Clothing vocabulary."
"the dark, darkness","הַחֹשֶׁךְ","Hebrew hachoshekh with article. Abstract/spiritual vocabulary."
"lantern","פָּנַאס","Loanword adapted to Hebrew. Light-bearing object."
"like a warning","כְּאַזְהָרָה","Hebrew simile: כְּ (like) + אַזְהָרָה (warning). Comparative structure."
"shadows","צְלָלִים","Hebrew tzəlalim. Abstract, eerie vocabulary."
"faces","פָּנִים","Hebrew panim. Abstract/psychological vocabulary."
"towel","מַגֶּבֶת","Hebrew magevet. Domestic vocabulary."
"spoon hanger","מַתְלֵה כַּפּוֹת","Hebrew compound: hanger + spoons."
"spoons","כַּפּוֹת","Hebrew kapot. Domestic vocabulary."
"the spoons rang/sang","וַיִּנַחְקוֹהֻמִיּוּ הַכַּפּוֹת","Algonquian verb in wayyiqtol frame! The singing/ringing verb describing struck spoons."
"lid, cover","מִכְסֶה","Hebrew mikhseh. Domestic vocabulary."
"it thundered, clanged","וַיִּרְעַם","Hebrew wayyiqtol. Sound of impact."
"pot","סִּיר","Hebrew sir. Cooking vocabulary."
"it boiled","וַיִּגַּעַשׁ","Hebrew wayyiqtol for bubbling, boiling action."
"it spilled, overflowed","וַיִּגְּלֹשׁ","Hebrew wayyiqtol for spilling over."
"water","מְבּוּי","Munsee mbuy. Core element vocabulary from the land. Prenasalized consonant preserved."
"floor","רִצְפָּה","Hebrew ritzpah. Architectural vocabulary."
"shining, bright","מַבְרִיק","Hebrew adjective/participle."
"s/he stepped","וַיִּדְרֹךְ","Hebrew wayyiqtol for stepping."
"s/he slid","וַיִּגְלַשׁ","Hebrew wayyiqtol for sliding. Comic repetition possible."
"s/he sat hard","וַיֵּשֶׁב קָשֶׁה","Hebrew phrase: sat + hard. Physical comedy."
"s/he laughed","וַיִּצְחַק","Hebrew wayyiqtol for laughter."
"s/he rose, got up","וַיָּקוּם","Hebrew wayyiqtol for rising."
"still, more, again","עוֹד","Hebrew od. Continuative particle."
"s/he escaped","וַיִּמָּלֵט","Hebrew wayyiqtol for escaping."
"back, returning","חָזָר","Hebrew adverb for returning motion."
"foot","רֶגֶל","Hebrew regel. Body vocabulary."
"the wet (substantive)","הָרָטוֹב","Hebrew adjective used as noun with article."
"s/he slipped","וַיַּחְלִיק","Hebrew wayyiqtol for slipping."
"they flew","וַיָּעֻפוּ","Hebrew wayyiqtol for flying/scattering."
"they scattered","וַיִּתְפַּזְּרוּ","Hebrew wayyiqtol for dispersing."
"like stones","כַּאֲסוּנַאק","Hebrew comparative כְּ + Algonquian אֲסוּן (stone) + animate plural -אַק. Stones are animate—they participate in the world."
"stone/stones","אֲסוּן / אֲסוּנַאק","Lenape asun. Takes animate plural because stones matter, they're participants in the world."
"s/he knelt","וַיִּכְרַע","Hebrew wayyiqtol for kneeling."
"to gather, collect","לְקַבֵּץ","Hebrew infinitive."
"it rolled","וַיִּתְגַּלְגֵּל","Hebrew wayyiqtol for rolling."
"it flashed","וַיַּבְרֵק","Hebrew wayyiqtol for flashing."
"couch, sofa","סַפָּה","Hebrew sapah. Furniture vocabulary."
"it lit, illuminated","וַיָּאֶר","Hebrew wayyiqtol for lighting up."
"from below","מִלְּמַטָּה","Hebrew prepositional phrase."
"ankles","קַרְסֻלַּיִם","Hebrew karsulayim, dual form. Body vocabulary."
"they danced","וַיִּרְקְדוּ","Hebrew wayyiqtol for dancing."
"without intention, unwillingly","בְּלִי רָצוֹן","Hebrew phrase: without + will. Abstract/psychological."
"power, strength, electricity","כֹּחַ","Hebrew koach. Abstract/physical force vocabulary."
"it returned","וַיָּשָׁב","Hebrew wayyiqtol for returning."
"they were lit, came on","וַיֵּאֹרוּ","Hebrew wayyiqtol passive for lights coming on."
"they were revealed","וַיִּגָּלוּ","Hebrew wayyiqtol passive. Sudden exposure."
"grasping, clutching","אָחוּז","Hebrew passive participle. State of holding."
"coat","מְעִיל","Hebrew me'il, singular."
"kneeling","כֹּרֵעַ","Hebrew participle. State of being down."
"among, between","בֵּין","Hebrew preposition."
"hissing, whistling","שׁוֹרֵק","Hebrew participle for hissing sound."
"edge, lip, rim","שָׂפָה","Hebrew safah. Edge of container."
"they saw, looked","וַיִּרְאוּ","Hebrew wayyiqtol for seeing."
"they laughed (together)","וַיִּצְחְקוּ","Hebrew wayyiqtol plural. Shared laughter without specified subject."
"and it shall be (consequential)","וְהָיָה","Hebrew weqatal construction. Converts one-time story into permanent pattern."
"every time, whenever","כָּל־פַּעַם","Hebrew phrase: every + time."
"that, which (relativizer)","אֲשֶׁר","Hebrew relativizer."
"they tremble","יִרְעֲדוּ","Hebrew imperfect. Future/habitual trembling."
"thereafter, from here on","מִכָּאן וָהָלְאָה","Hebrew phrase: from-here and-onward."
"they shall seize","וְאָחֲזוּ","Hebrew weqatal for consequential future action."
"their cups","מִנִיקְוָאגַנֵיהֶם","Algonquian stem for 'cups' + Hebrew possessive suffix -הֶם. Hybrid morphology."
"they shall stand","וְעָמְדוּ","Hebrew weqatal."
"far, distant","רָחוֹק","Hebrew adjective."
"stove, fire, hearth","אִישְׁקוֹטֵאוּ","Algonquian ishkotew. The fire/cooking place."
"they shall look, gaze","וְהִבִּיטוּ","Hebrew weqatal."
"table","שֻׁלְחָן","Hebrew shulchan. Furniture vocabulary."
"at the table (locative)","שֻׁלְחָנִינְק","Hebrew noun + Algonquian locative suffix."
"person (singular)","לֵנוּ","Lenape lənuw. Base form before plural."
"we (1st person prefix)","נְ־ / נֶ־","Algonquian person prefix. Attaches to verbs and possessed nouns."
"you (2nd person prefix)","קְ־ / כְּ־","Algonquian person prefix."
"s/he (3rd person prefix)","וְ־","Algonquian person prefix."
"locative suffix","־ינְק / ־ֶנְק","Algonquian suffix marking place: in, at, on, beside."
"diminutive suffix","־אֵשׁ / ־שׁ","Algonquian suffix for smallness, endearment, young age."
"obviative suffix","־וָא","Algonquian suffix marking 'the other one' in discourse tracking."
"animate plural suffix","־אַק / ־וָאק","Algonquian suffix for plural of animate nouns."
"and (conjunction)","וְ־ / וּ־","Hebrew conjunction. The thread stitching clauses together."
"in, at, with (preposition)","בְּ־","Hebrew clitic preposition."
"to, for (preposition)","לְ־","Hebrew clitic preposition."
"from (preposition)","מִ־ / מִן","Hebrew clitic preposition."
"the (definite article)","הַ־ / ה־","Hebrew definite article. Attaches happily to Algonquian nouns."
"that, which (relativizer)","שֶׁ־","Hebrew clitic relativizer."
"behold, look","הִנֵּה","Hebrew discourse particle. Presentative."
"indeed, surely","הֲרֵי","Hebrew discourse particle. Emphatic."
"also, too","גַּם","Hebrew discourse particle. Additive."
"only, just","רַק","Hebrew discourse particle. Restrictive."
"already","כְּבָר","Hebrew discourse particle. Perfective aspect."
"still, yet, more","עוֹד","Hebrew discourse particle. Continuative."
"perhaps, maybe","אוּלַי","Hebrew discourse particle. Modal."
"now","עַתָּה","Hebrew temporal particle."
"always, continually","תָּמִיד","Hebrew temporal particle. Habitual aspect."
"Mahikanítakh (Hudson Valley)","מַהִיקַנִּיטָאךְ","Hybrid name: Mahican Mahicannituck ('river that flows both ways') + Hebrew territorial suffix -ítakh. The homeland."
"rabbi, teacher","רַב","Hebrew rav. Religious vocabulary."
"blessing","בְּרָכָה","Hebrew b'rakhah. Religious vocabulary."
"peace","שָׁלוֹם","Hebrew shalom. Greeting and concept."
"prayer, to pray","תְּפִלָּה / לְהִתְפַּלֵּל","Hebrew religious vocabulary."
"Torah, teaching","תּוֹרָה","Hebrew. Core religious concept."
"commandment","מִצְוָה","Hebrew mitzvah. Ethical-religious vocabulary."
"holy, sacred","קָדוֹשׁ","Hebrew kadosh. Religious vocabulary."
"Sabbath","שַׁבָּת","Hebrew shabbat. Calendar vocabulary."
"coffee","קָאפֵּיוָאבּוֹ","Algonquian kaapewabo. Beverage vocabulary."
"tea","אַנִיבִּישָׁאבוֹ","Algonquian anibiishaabo. Beverage vocabulary."
"maple syrup","אִינִינָאטִיגוֹ נָאמִינָאס","Algonquian ininaatigo naaminas. Food vocabulary of the land."
"honey","אָמוֹ־סִיזִיבָּאקְוַאד","Algonquian aamo-sizibaakwad. Sweet vocabulary."
"corn","מַנְדָּאמִין","Algonquian mandaamin. Agricultural vocabulary."
"rabbit","וָאבוֹז","Algonquian waaboz. Animal vocabulary."
"little rabbit (diminutive)","וָאבוֹזְס","Rabbit + diminutive -ס."
"dog","אַנִימוֹשׁ","Algonquian animosh. Animal vocabulary."
"cat","קָאג׳אַגֶנְס","Algonquian kaajagens. Animal vocabulary."
"bird","פִּינֶשִׁינְג׳","Algonquian pineshiinj. Animal vocabulary."
"eagle feather","קִינִיו מִיגְוַאן","Algonquian kiniw miigwan. Ceremonial vocabulary."
"drum","טֶוֶוהִיגַן","Algonquian tewehigan. Ceremonial vocabulary."
"tobacco","נַאסֵמָא","Algonquian nasemaa. Sacred medicine."
"cedar","קִיזִ׳יק","Algonquian kiijik. Sacred medicine."
"sweetgrass","נוֹקְוֶוַאשְׁק","Algonquian nokwewashk. Sacred medicine."
"sage","אַפָּאבוֹוַאשְׁק","Algonquian apabowashk. Sacred medicine."
"elder","קִיטִיזִי","Algonquian kitizi. Kinship/respect vocabulary."
"friend","וִידְ׳ג׳יקִיוֶוֵי","Algonquian wiijikiwewe. Social vocabulary."
"neighbor","וִידְ׳ג׳יגֶנְדָּאגַן","Algonquian wiijigendaagan. Social vocabulary."
"wife, husband, spouse","וִידִיגֶמָאגַן","Algonquian wiidigemaaagan. Kinship vocabulary."
"ancestor(s)","אָנִיקֶה־מִישׁוֹמִיסִינָאבַנֶג","Algonquian aanike-mishoomisinabaneg. Kinship vocabulary."
"mountain","פִּיקְוַאדִין","Algonquian pikwaadin. Land vocabulary."
"sunset","פַּאנְגִישִׁימוֹ","Algonquian pangishimo. Time/nature vocabulary."
"sunrise","מוֹקַאהַם","Algonquian mookaham. Time/nature vocabulary."
"full moon","מוֹשְׁקִינֶה אַפְּקִיזִי טִיבִּיק־קִיזִיס","Algonquian: full + shines + night-sun. Astronomical vocabulary."
"flower","וָאבִיגוֹן","Algonquian waabigon. Plant vocabulary."
"seeds","מִינִיקַאן","Algonquian miinikan. Agricultural vocabulary."
"to work","אוֹנְדַאמִיטַא","Algonquian ondamita. Action vocabulary."
"to play","אוֹדַאמִינוֹ","Algonquian odamino. Action vocabulary."
"to sleep","נִיבָּא","Algonquian nibaa. Action vocabulary."
"to wake up","קוֹשְׁקוֹזִי","Algonquian koshkozi. Action vocabulary."
"to laugh","פָּאפִּי","Algonquian paapi. Emotional vocabulary."
"to cry","מַאוִוי","Algonquian mawi. Emotional vocabulary."
"to smile","פַּאפִּינְגְוֶנִי","Algonquian papingweni. Emotional vocabulary."
"happy","פָּאפִּינֶנִינְדַאם","Algonquian paapinenindam. Emotional vocabulary."
"sad","קַאשְׁקֶנִינְדַאם","Algonquian kashkenindam. Emotional vocabulary."
"angry","נִישְׁקַאדִיסִי","Algonquian nishkaadisi. Emotional vocabulary."
"hello, greetings","בּוּז׳וּ","Ojibwe boozhoo. Greeting from Central Algonquian."
"thank you","מִיגְוֶוץ׳","Ojibwe miigwech. Gratitude vocabulary."
"how? why?","אָאנִין","Ojibwe aaniin. Question word."
"when?","אָאנִין אַפִּי","Ojibwe aaniin apii. Question word."
"star","אַלַּאנְקְוֶה","Lenape allanque. Astronomical vocabulary."
"tomorrow","אַלַאפַּא","Lenape alappa. Time vocabulary."
"today","הַיּוֹם / אֶלֶמִי","Hebrew hayyom for abstract time; Lenape elemi for 'sometime today.'"
"who? somebody","אַוּוֶן","Lenape auwen. Question/indefinite pronoun."
"no, not","אַטַּא","Lenape atta. Negation."
"fog, mist","אַוּוֹן","Lenape awonn. Weather vocabulary."
"mud, clay","אַסִּיסְקוּ","Lenape assisku. Earth vocabulary."
"beast, animal","אַוֶוסִּיס","Lenape awessis. Animal vocabulary."
"river bend, in the bend of the river","אֶלֶמוּקוּלֶק","Lenape elemukulek. Geographic vocabulary."
"knife","מוֹקוֹמָאן","Algonquian mookoman. Tool vocabulary."
"spoon","אֶמִיקְוָאן","Algonquian emikwaan. Tool vocabulary."
"fork","פַּאדַאקַאהִיגַן","Algonquian padakahigan. Tool vocabulary."
"frying pan","סָאסֶקְוָאן","Algonquian saasekwaan. Cooking vocabulary."
"plate","אוֹנָאגַן","Algonquian onaagan. Dining vocabulary."
"stairs","אַקְוָאנְדַאוָאגַן","Algonquian akwaandawaagan. Architectural vocabulary."
"outside","אַגְוַאדְ׳ז׳ינְג","Algonquian agwaajiing. Spatial vocabulary."
"sweat lodge","מַאדוֹדִיסוֹן","Algonquian madoodison. Ceremonial vocabulary."
"pipe","אוֹפְּוָאגַן","Algonquian opwaagan. Ceremonial vocabulary."
"feast","מַאגוֹשֶׁוִוין","Algonquian magoshewin. Ceremonial vocabulary."
"ceremony","אִיזִ׳יטְוָאוִוין","Algonquian iijitwaawin. Ceremonial vocabulary."
"medicine man/woman","מַאשְׁקִיקִיוִוינִינִי / מַאשְׁקִיקִיקְוֶוֵי","Algonquian mashkikiiwininii / mashkikiikwe. Ceremonial vocabulary."
"teepee","פִּיקוֹגָאן","Algonquian pikogaan. Shelter vocabulary."
"pow wow, gathering day","מַאמַאנְדוֹסֶה קִיז׳יק","Algonquian mamandose kiijik. Ceremonial vocabulary."
"penny","סוֹמָאנִיקִי","Algonquian soomaniki. Money vocabulary."
"dollar (two)","נִיזְ׳ וָאבִּיק","Algonquian niij waabik. Money vocabulary."
"clock","טִיבַּאהִיגִיזִיסְוָאן","Algonquian tibahigiziswan. Time vocabulary."
"hour","טִיבַּאהִיגַן","Algonquian tibahigan. Time vocabulary."
"minute","טִיבַּאהִיגָאנְס","Algonquian tibahigaans. Time vocabulary."
"second (time)","פִּיסִי־טִיבַּאהִיגָאנְס","Algonquian pisi-tibahigaans. Time vocabulary."
"midnight","אָבִּיטָא־טִיבִּיקַד","Algonquian aabitaa-tibikad. Time vocabulary."
"prefix (grammatical term)","קַדְמָא","Hebrew-style grammatical term: 'that which comes before.'"
"suffix (grammatical term)","אַחְרָא","Hebrew-style grammatical term: 'that which comes after.'"
"verb (grammatical term)","פֹּעֲלָא / פֹּעַל","Hebrew po'al. Grammatical vocabulary."
"noun (grammatical term)","שֵׁם / שְׁמָא","Hebrew shem. Grammatical vocabulary."
"locative (grammatical term)","לוֹקָטִיב","Borrowed grammatical term."
"its meaning, it means","פֵּירוּשׁוֹ","Hebrew: its interpretation."
"word","מִלָּה","Hebrew millah. Metalinguistic vocabulary."
"language","לָשׁוֹן","Hebrew lashon. Metalinguistic vocabulary."
"peace and gratitude (closing)","שָׁלוֹם־וְאָנִי / וְלַאלִינְטַאם","Hybrid closing: Hebrew shalom + Algonquian gratitude."

"one (everyday)","פֵּייָאק","Algonquian peyak. For counting objects, telling someone how many, everyday arithmetic. 'Hand me one spoon'—פֵּייָאק."
"two (everyday)","נִיזְ׳","Algonquian niij. Everyday counting. 'Two children'—נִיזְ׳ אֲבִינוֹדְיִינַאק."
"three (everyday)","נִיסְוִי","Algonquian niswi. 'Three paths'—נִיסְוִי תְּמָקָאנַאק."
"four (everyday)","נִיוִין","Algonquian niiwin. Four directions, four seasons in everyday speech."
"five (everyday)","נָאנַאן","Algonquian naanan. 'Five fingers'—relates to the hand."
"six (everyday)","נִינְגוֹדְוָאסְוִי","Algonquian ningodwaaswi. Everyday counting continues."
"seven (everyday)","נִיזְ׳וָאסְוִי","Algonquian niizhwaaswi. For everyday seven—seven cups on the table."
"eight (everyday)","נִישְׁוָאסְוִי","Algonquian nishwaaswi. Eight eggs in the basket."
"nine (everyday)","זְ׳אַנְגַאסְוִי","Algonquian zhaangaswi. Nine stars visible tonight."
"ten (everyday)","מִידָאסְוִי","Algonquian midaaswi. A complete hand-count, the base of counting."
"twenty","נִיזְ׳טַנָא","Algonquian niijtana, literally 'two tens.' Larger numbers compound the base."
"hundred","נִינְגוֹדְוָאק","Algonquian ningodwaak. For large everyday quantities."
"one (sacred/liturgical)","אֶחָד","Hebrew echad. When counting in prayer, blessing, or sacred text. שְׁמַע יִשְׂרָאֵל... ה׳ אֶחָד."
"two (sacred/liturgical)","שְׁנַיִם","Hebrew shnayim. The two tablets, the paired concepts of Torah."
"three (sacred/liturgical)","שְׁלֹשָׁה","Hebrew shloshah. Three patriarchs, three daily prayers."
"four (sacred/liturgical)","אַרְבָּעָה","Hebrew arba'ah. Four matriarchs, four cups at Pesach, four questions."
"five (sacred/liturgical)","חֲמִשָּׁה","Hebrew chamishah. Five books of Moses."
"six (sacred/liturgical)","שִׁשָּׁה","Hebrew shishah. Six days of creation before rest."
"seven (sacred/liturgical)","שִׁבְעָה","Hebrew shiv'ah. Seven days of mourning, seven blessings, the sacred week."
"eight (sacred/liturgical)","שְׁמוֹנָה","Hebrew shmonah. Eight days of Chanukah, brit on the eighth day."
"nine (sacred/liturgical)","תִּשְׁעָה","Hebrew tishah. Tisha B'Av, the ninth of Av."
"ten (sacred/liturgical)","עֲשָׂרָה","Hebrew asarah. Ten commandments, ten plagues, minyan of ten."
"first (ordinal)","רִאשׁוֹן","Hebrew rishon. Ordinals for liturgical and formal contexts."
"second (ordinal)","שֵׁנִי","Hebrew sheni. The second day, the second reading."
"third (ordinal)","שְׁלִישִׁי","Hebrew shlishi. Third aliyah, third portion."
"Sunday","יוֹם רִאשׁוֹן","Hebrew 'first day.' The week begins after Shabbat ends."
"Monday","יוֹם שֵׁנִי","Hebrew 'second day.' Days count toward Shabbat."
"Tuesday","יוֹם שְׁלִישִׁי","Hebrew 'third day.' The day God said 'it was good' twice."
"Wednesday","יוֹם רְבִיעִי","Hebrew 'fourth day.' Lights created—sun, moon, stars."
"Thursday","יוֹם חֲמִישִׁי","Hebrew 'fifth day.' Fish and birds created."
"Friday","יוֹם שִׁשִּׁי / עֶרֶב שַׁבָּת","Hebrew 'sixth day' or 'Shabbat eve.' Preparation, anticipation."
"Saturday, Sabbath","שַׁבָּת","Hebrew Shabbat. Not 'seventh day'—it has its own name, the crown of the week."
"Spirit Moon (January)","מַנִידוֹ־גִיזִיס","Algonquian Manidoo-giizis. The coldest month when spirits are close. Algonquian moon-names for the natural calendar."
"Bear Moon (February)","מַקְוָא־גִיזִיס","Algonquian Makwa-giizis. Bears still denning, dreaming their long dreams."
"Sugar Moon (March)","זִיזִיבָּאקְוַאד־גִיזִיס","Algonquian Zizibaakwad-giizis. Maple sap runs, sugar-making time."
"Sucker Moon (April)","נַאמֶבִּין־גִיזִיס","Algonquian Namebin-giizis. Sucker fish return to spawn."
"Flower Moon (May)","וָאבִיגוֹן־גִיזִיס","Algonquian Waabigon-giizis. Flowers bloom across the land."
"Strawberry Moon (June)","אוֹדֵא־מִין־גִיזִיס","Algonquian Ode'imin-giizis. Wild strawberries ripen, first fruits."
"Raspberry Moon (July)","מִיסְקְוִימִין־גִיזִיס","Algonquian Miskwimin-giizis. Raspberries now, the heart of summer."
"Ricing Moon (August)","מַנוֹמִינִיקֵא־גִיזִיס","Algonquian Manoominike-giizis. Wild rice harvest time."
"Falling Leaves Moon (September)","וָאטֶבַּאגָא־גִיזִיס","Algonquian Waatebagaa-giizis. Leaves turn and fall, change comes."
"Freezing Moon (October)","גַאשְׁקַאדִין־גִיזִיס","Algonquian Gashkadin-giizis. First hard frosts, waters begin to still."
"Freezing-Over Moon (November)","בַּאשְׁקַאקוֹדִין־גִיזִיס","Algonquian Bashkakodin-giizis. Lakes freeze solid now."
"Little Spirit Moon (December)","מַנִידוֹנְס־גִיזִיס","Algonquian Manidoons-giizis. The darkest time, small spirits, quiet waiting."
"moon, month","גִיזִיס","Algonquian giizis. The word for both moon and month—time measured by the sky."
"Tishrei (Hebrew month)","תִּשְׁרֵי","Hebrew Tishrei. High Holidays month—Rosh Hashanah, Yom Kippur, Sukkot. Religious calendar in Hebrew."
"Cheshvan (Hebrew month)","חֶשְׁוָן","Hebrew Cheshvan. The 'bitter' month—no holidays, just living."
"Kislev (Hebrew month)","כִּסְלֵו","Hebrew Kislev. Chanukah falls here, light in darkness."
"Tevet (Hebrew month)","טֵבֵת","Hebrew Tevet. Deep winter, fast of the tenth."
"Shevat (Hebrew month)","שְׁבָט","Hebrew Shevat. Tu BiShvat, new year of the trees."
"Adar (Hebrew month)","אֲדָר","Hebrew Adar. Purim month, joy increases."
"Nisan (Hebrew month)","נִיסָן","Hebrew Nisan. Pesach month, liberation and spring."
"Iyyar (Hebrew month)","אִיָּר","Hebrew Iyyar. Counting the Omer, between liberation and revelation."
"Sivan (Hebrew month)","סִיוָן","Hebrew Sivan. Shavuot, receiving of Torah."
"Tammuz (Hebrew month)","תַּמּוּז","Hebrew Tammuz. Summer heat, fast of the seventeenth."
"Av (Hebrew month)","אָב","Hebrew Av. Tisha B'Av, the saddest day, then comfort comes."
"Elul (Hebrew month)","אֱלוּל","Hebrew Elul. Month of repentance, shofar each morning, preparing the heart."
"spring","זִיגְוַאן","Algonquian ziigwan. The thawing time, sap rising, return of birds."
"summer","נִיבִּין","Algonquian niibin. The growing time, long days, abundance."
"autumn, fall","דַאגְוָאגִין","Algonquian dagwaagin. Harvest time, preparation, colors changing."
"winter","בִּיבּוֹן","Algonquian biboon. The sleeping time, long nights, stories by fire."
"rain","גִימִיוַאן","Algonquian gimiwan. Water falling from sky, life-giving."
"snow","גּוֹן","Algonquian goon. The white blanket, winter's covering."
"wind","נוֹדִין","Algonquian noodin. Breath of the world, carrier of weather."
"storm","אַנִימִיקִי","Algonquian animiki. Thunder-being, the great storm power."
"cloud","אַנַאקְוַאד","Algonquian anakwad. Sky-covering, rain-bringer."
"ice","מִיקְוַאם","Algonquian mikwam. Frozen water, winter's hardness."
"thunder","אַנִימִיקִי־נוֹנְדַאגוֹזִי","Algonquian animiki-noondagozi. 'Thunder sounds'—the voice of the storm-beings."
"lightning","וָאסַאמוֹוִין","Algonquian waasamowin. Flash-light, sky-fire."
"white","וָאבִישְׁקָא","Algonquian waabishkaa. Color of snow, birch bark, bone."
"black","מַקַאטֵא","Algonquian makade. Color of night, rich earth, crow."
"red","מִיסְקְוָא","Algonquian miskwaa. Color of blood, sunset, autumn leaves."
"yellow","אוֹזָאוִי","Algonquian ozaawi. Color of sun, goldenrod, autumn birch."
"blue, green","אוֹזְ׳אַוַאשְׁקוֹ","Algonquian ozhaawashko. Color of sky and forest—one word for both, as in many languages."
"brown","מַקַאטֵאוָאנְדֵא","Algonquian makadewande. Earth-color, bark-color."
"purple","מִיסְקוֹמַקַאטֵא","Algonquian misko-makade. 'Red-black,' the blending that makes purple."
"computer","מַחְשֵׁב","Hebrew machshev, from the root ח-ש-ב (to think, calculate). Abstract thinking machines get Hebrew names."
"internet","רֶשֶׁת","Hebrew reshet (network). The web of connection is an abstract structure—Hebrew."
"website","אֲתָר־רֶשֶׁת","Hebrew compound: site + network. Abstract location in abstract network."
"email","דֹּאַר־אֵלֶקְטְרוֹנִי","Hebrew compound: mail + electronic. Communication technology adapts to Hebrew patterns."
"to type, to click","לְהַקְלִיד","Hebrew infinitive. Digital action verbs in Hebrew—they're abstractions of physical actions."
"screen","מָסָךְ","Hebrew masakh. The barrier/covering that shows images."
"phone, telephone","טֵלֶפּוּן","International loanword adapted to Hebrew spelling. Technology words that crossed all languages."
"car, automobile","מְכוֹנִית","Hebrew mekhonit. Machine-for-traveling, from the root כ-ו-נ."
"bus","אוֹטוֹבּוּס","International loanword. Mass transit terminology stays international."
"train","רַכֶּבֶת","Hebrew rakevet. From ר-כ-ב, riding/mounting—a thing you ride."
"airplane","מָטוֹס","Hebrew matos. From ט-ו-ס, to fly—a flying-thing."
"bicycle","אוֹפַנַּיִם","Hebrew ofanayim. Dual form: 'two wheels.' Hebrew loves descriptive compounds."
"boat, canoe","ג׳ימָאן","Algonquian jiimaan. Water vessels from the land's vocabulary—these were here first."
"road, highway","כְּבִישׁ","Hebrew kvish. Paved road as concept, distinct from path (תְּמָקָאן)."
"hospital","בֵּית־חוֹלִים","Hebrew: house of sick-ones. Medical institutions in Hebrew."
"doctor, physician","רוֹפֵא","Hebrew rofeh. Healer—abstract role."
"medicine (modern)","רְפוּאָה","Hebrew refuah. Healing as abstract concept. Compare to Algonquian מַאשְׁקִיקִי for traditional medicine."
"traditional medicine, plant medicine","מַאשְׁקִיקִי","Algonquian mashkiki. Medicine from the land, herbs, ceremony."
"school","בֵּית־סֵפֶר","Hebrew: house of book. Education institutions in Hebrew."
"teacher","מוֹרֶה / מוֹרָה","Hebrew moreh/morah. One who shows, instructs—abstract role."
"student","תַּלְמִיד / תַּלְמִידָה","Hebrew talmid/talmidah. One who learns—from ל-מ-ד."
"book","סֵפֶר","Hebrew sefer. Written knowledge is Hebrew territory."
"to read","לִקְרֹא","Hebrew infinitive. Reading—abstract skill—is Hebrew."
"to write","לִכְתֹּב","Hebrew infinitive. Writing—abstract skill—is Hebrew."
"to learn","לִלְמֹד","Hebrew infinitive. Learning—abstract process—is Hebrew."
"government","מֶמְשָׁלָה","Hebrew memshalah. Abstract political structures in Hebrew."
"law","חֹק","Hebrew chok. Legal abstraction."
"judge","שׁוֹפֵט","Hebrew shofet. Legal role."
"justice","צֶדֶק","Hebrew tzedek. One of the great abstract nouns—righteousness, justice, what is right."
"truth","אֱמֶת","Hebrew emet. Another great abstraction. Cannot come from elsewhere."
"wisdom","חָכְמָה","Hebrew chokhmah. The wisdom tradition, intellectual and spiritual."
"love","אַהֲבָה","Hebrew ahavah. The emotion in its depth—Hebrew carries it."
"to love (physically, tenderly)","זָאגִידִין","Algonquian zaagidiin. Physical affection, tender touch—Algonquian can express this differently."
"fear, awe","יִרְאָה","Hebrew yirah. Fear-and-awe combined, the religious emotion."
"anger","כַּעַס","Hebrew ka'as. Emotional abstraction."
"joy","שִׂמְחָה","Hebrew simchah. The deep joy of celebration."
"sorrow, grief","צַעַר","Hebrew tza'ar. Deep grief, suffering."
"what?","מָה","Hebrew mah. Question words from Hebrew."
"who?","מִי","Hebrew mi. Asking about persons."
"where?","אֵיפֹה / אָאנְדִי","Hebrew eifoh for abstract location; Algonquian aandi for physical 'where on the land.'"
"when?","מָתַי / אָאנִין אַפִּי","Hebrew matai for abstract/scheduled time; Algonquian aaniin apii for 'when in the day/season.'"
"why?","לָמָּה / מַדּוּעַ","Hebrew lamah / madua. Asking for reasons—abstract inquiry."
"how?","אֵיךְ / אָאנִין","Hebrew eikh for abstract 'in what manner'; Algonquian aaniin for 'how does one do this physical thing.'"
"how many?","כַּמָּה / אָאנִין מִינִיק","Hebrew kamah for abstract quantity; Algonquian aaniin miinik for counting physical things."
"this (proximate)","זֶה / יוֹ","Hebrew zeh for general pointing; יוֹ for narrative discourse tracking (proximate participant)."
"that (obviative/distant)","הוּא / יוֹוָא","Hebrew hu for general reference; יוֹוָא for narrative discourse tracking (obviative participant)."
"these","אֵלֶּה","Hebrew eleh. Plural demonstrative."
"those","הֵם / הֵן","Hebrew hem/hen. Plural distant reference."
"I","אֲנִי / נִין","Hebrew ani in independent position; Algonquian niin when emphasizing 'I myself.'"
"you (singular)","אַתָּה / אַתְּ / קִין","Hebrew atah/at in independent position; Algonquian kiin when emphasizing 'you yourself.'"
"he/she/it","הוּא / הִיא / וִין","Hebrew hu/hi in independent position; Algonquian wiin when emphasizing 'that one.'"
"we","אֲנַחְנוּ / נִינַאוִינְד","Hebrew anachnu in independent position; Algonquian niinawind for 'we (exclusive)' emphasis."
"we (inclusive)","גִּידִינַאוִינְד","Algonquian gidinawind—'we including you.' Algonquian distinguishes inclusive from exclusive 'we.'"
"you (plural)","אַתֶּם / אַתֶּן / קִינַאוָא","Hebrew atem/aten; Algonquian kiinawaa for emphasis."
"they","הֵם / הֵן / וִינַאוָא","Hebrew hem/hen; Algonquian wiinawaa for emphasis."
"my, mine","שֶׁלִּי / נְ־...־אִם","Hebrew sheli for independent 'mine'; Algonquian prefix נְ־ on possessed nouns."
"your, yours","שֶׁלְּךָ / קְ־...־אִם","Hebrew shelkha/shelakh; Algonquian prefix קְ־ on possessed nouns."
"his/her/its","שֶׁלּוֹ / שֶׁלָּהּ / וְ־...־אִם","Hebrew shelo/shelah; Algonquian prefix וְ־ on possessed nouns."
"electricity","חַשְׁמַל","Hebrew chashmal. Modern technological concept, Hebrew root from Ezekiel's vision."
"battery","סוֹלְלָה","Hebrew solelah. Power storage device."
"machine","מְכוֹנָה","Hebrew mekhonah. General mechanical device."
"to fix, repair","לְתַקֵּן","Hebrew letaken. Repair as concept (also tikkun—spiritual repair)."
"to break","לִשְׁבֹּר","Hebrew lishbor. Breaking as abstract event."
"money","כֶּסֶף","Hebrew kesef (also 'silver'). Abstract medium of exchange."
"to buy","לִקְנוֹת","Hebrew liknot. Commercial transaction."
"to sell","לִמְכֹּר","Hebrew limkor. Commercial transaction."
"store, shop","חֲנוּת","Hebrew chanut. Commercial location."
"head","מִיסְטִיגְוָאן","Algonquian mishtikwan. Body part—physical, tangible."
"eye","מִישְׁקִינְזְ׳יג","Algonquian mishkinzhig. Organ of perception."
"ear","טַאוַאגַא","Algonquian tawaga. Organ of hearing."
"mouth","טוֹן","Algonquian doon/toon. Organ of speech and eating."
"nose","ג׳אַאנְזְ׳","Algonquian jaanj. Organ of smell."
"heart (physical)","טֵא","Algonquian de'eh. The beating organ in the chest."
"heart (spiritual, emotional)","לֵב","Hebrew lev. The seat of emotion and will—abstract."
"blood","מִיסְקְוִי","Algonquian miskwi. Life-fluid, physical."
"bone","אוֹקַאן","Algonquian okan. Physical structure."
"skin","וִינִיזִיס","Algonquian winiziis. Outer covering."
"hair","וִינִיסִיס","Algonquian winiisiis. Head covering."
"soul, spirit","נֶשָׁמָה / נְפֶשׁ","Hebrew neshamah/nefesh. The inner spiritual essence—abstract."
"life","חַיִּים","Hebrew chayyim. The abstract concept of living."
"death","מָוֶת","Hebrew mavet. The abstract concept of dying."
"to be born","לְהִוָּלֵד","Hebrew infinitive. Birth as event—abstract moment."
"to die","לָמוּת","Hebrew infinitive. Death as event—abstract moment."
"to live, dwell","לָגוּר","Hebrew lagur for residing; Algonquian דַאוֵי (dawe) for physical being-alive."
"to be alive, to live","דַאוֵי","Algonquian dawe. Being physically alive, breathing, present in the world."
"good","טוֹב / מִינוֹ","Hebrew tov for moral/abstract good; Algonquian mino for physical wellness, pleasantness."
"bad","רַע / מָאג׳י","Hebrew ra for moral/abstract bad; Algonquian maaji for physical unpleasantness, danger."
"big, great","גָּדוֹל / מִיצָא","Hebrew gadol for abstract greatness; Algonquian michaa for physical bigness."
"small, little","קָטָן / אַגָאסִי","Hebrew katan for abstract smallness; Algonquian agaasi for physical littleness."
"old (person)","זָקֵן","Hebrew zaken. Elder status—respect category."
"old (thing)","יָשָׁן / גֵאט","Hebrew yashan for abstract age; Algonquian gete for physical wear."
"new","חָדָשׁ / אוֹשְׁקִי","Hebrew chadash for abstract newness; Algonquian oshki for physical freshness."
"hot","חַם / גִיזְ׳אַאטֵא","Hebrew cham for abstract heat; Algonquian gizhaate for physical hotness."
"cold","קַר / גִיקַאג׳","Hebrew kar for abstract cold; Algonquian gikaj for physical coldness you feel."
"here","פֹּה / אוֹמָא","Hebrew poh for abstract 'at this point'; Algonquian omaa for 'right here on this ground.'"
"there","שָׁם / אִימָא","Hebrew sham for abstract 'at that point'; Algonquian imaa for 'over there in that place.'"
"now","עַתָּה / נוֹנְגוֹם","Hebrew atah for abstract present; Algonquian noongom for 'right now, this moment.'"
"then, at that time","אָז / מִי־אַפִּי","Hebrew az for abstract past reference; Algonquian mii apii for 'that time, when that happened.'"
"always","תָּמִיד / אַפָּאנֵא","Hebrew tamid for eternal/liturgical always; Algonquian apane for everyday 'every time.'"
"never","לְעוֹלָם לֹא / וִיכָא","Hebrew le'olam lo for absolute never; Algonquian wiikaa for 'not ever, not once.'"
"everything","הַכֹּל / קַאקִינָא","Hebrew hakol for abstract totality; Algonquian kakina for 'all these things here.'"
"nothing","כְּלוּם / קָאוִין גֵאגוֹ","Hebrew klum for abstract nothing; Algonquian kaawiin gegoo for 'not a thing.'"
"someone","מִישֶׁהוּ / אַוִויָא","Hebrew mishehu; Algonquian awiya for indefinite person."
"no one","אַף אֶחָד / קָאוִין אַוִויָא","Hebrew af echad; Algonquian kaawiin awiya for 'not anyone.'"
"very, much","מְאֹד / אַפִּיצִ׳י","Hebrew me'od for abstract intensity; Algonquian apiichi for physical degree."
"a little, somewhat","קְצָת / פַּאנְגִי","Hebrew ktzat for abstract small amount; Algonquian pangi for 'a little bit of this.'"
"together with, and","עִם / מִינַאוָא","Hebrew im for 'along with'; Algonquian miinawaa for 'and also, together with.'"
"but, however","אֲבָל / מִי דַאשׁ","Hebrew aval; Algonquian mii dash for 'but then, however.'"
"if","אִם / קִישְׁפִּין","Hebrew im (same as 'with' but context differs); Algonquian giishpin for conditional."
"because","כִּי / אוֹנְזַאם","Hebrew ki; Algonquian onzaam for 'because of this.'"
"so, therefore","לָכֵן / מִי סָא","Hebrew lakhen; Algonquian mii sa for 'so then, thus.'"
"yes","כֵּן / אֶהֵא","Hebrew ken; Algonquian eheh for affirmation."
"no","לֹא / קָאוִין","Hebrew lo; Algonquian kaawiin for negation."
"please","בְּבַקָּשָׁה / דָאגָא","Hebrew bevakasha; Algonquian daga for polite request."
"excuse me, sorry","סְלִיחָה","Hebrew selichah. Apology—abstract social concept."
"you're welcome","בְּבַקָּשָׁה / מִי אִיוֵוה","Hebrew bevakasha again; Algonquian mii iwe for 'that's it, it's nothing.'"
"congratulations","מַזָּל טוֹב","Hebrew mazal tov. Celebratory blessing."
"condolences","תַּנְחוּמִים","Hebrew tanchumim. Comfort in mourning—abstract."
"river","סִיבִּי","Algonquian ziibi. Flowing water, life artery of the land."
"lake","זָאגַאהִיגַן","Algonquian zaaga'igan. Standing water, gathering place."
"ocean, great water","גִיצִ׳יגַאמִי","Algonquian gichigami. The great water—Lake Superior was called this."
"island","מִינִיס","Algonquian miniis. Land surrounded by water."
"forest, woods","מִיטִיגְוָאקִי","Algonquian mitikwaaki. Tree-place, the deep woods."
"tree","מִיטִיג","Algonquian mitig. Standing-one, living pillar."
"grass","מַאשְׁקוֹסִי","Algonquian mashkosi. Ground-covering green."
"rock, stone","אֲסוּן","Lenape asun. The old ones, grandfathers. Takes animate plural—stones are alive."
"earth, land, ground","אַכִּי","Algonquian aki. The land itself, the ground beneath, the earth as whole."
"sky","גִיזְ׳יג","Algonquian giizhig. The above-world, where weather lives."
"sun","גִיזִיס","Algonquian giizis. The day-fire, the great light."
"moon","דִיבִּיקִי־גִיזִיס","Algonquian dibiki-giizis. The night-sun, gentler light."
"fire","אִישְׁקוֹטֵא","Algonquian ishkode. The living flame, center of home and ceremony."
"smoke","פּוֹגְוָאטֵא","Algonquian bugwade. Breath of fire, carrier of prayers."
"ash","פִּינְגְוִי","Algonquian bingwi. What remains after fire, for gardens."
"fish","גִיגוֹ","Algonquian giigoo. Water-dweller, food-giver."
"deer","וָאוָאשְׁקֶשִׁי","Algonquian waawashkeshi. Four-legged relative, food and clothing giver."
"moose","מוֹז","Algonquian mooz. Great one of the north woods."
"wolf","מַאהִינְגַאן","Algonquian ma'iingan. Pack-hunter, teacher of cooperation."
"turtle","מִיקִינָאק","Algonquian mikinaak. Shell-carrier, land-holder in creation stories."
"frog","אוֹמַאקַאקִי","Algonquian omakakii. Swamp-singer, rain-bringer."
"snake","קִינֶבִּיק","Algonquian kinebik. Ground-slider, medicine creature."
"mosquito","זַאגִימֵא","Algonquian zagime. Summer's tiny torment."
"fly","אוֹג׳ִי","Algonquian oji. Buzzing one."
"bee","אָאמוֹ","Algonquian aamo. Honey-maker, flower-visitor."
"meat","וִיאַס","Algonquian wiiyaas. Animal food, flesh."
"fish (as food)","גִיגוֹ","Algonquian giigoo (same as living fish). Food from water."
"egg","וָאוַאן","Algonquian waawan. Bird-beginning, breakfast food."
"milk","דוֹדוֹשָׁאבּוֹ","Algonquian dodooshaabo. Breast-water, nursing-liquid."
"salt","זִיוִיטָאגַאן","Algonquian ziiwitaagan. Flavor-enhancer, preservative."
"sugar","זִיזִיבָּאקְוַאד","Algonquian zizibaakwad. Sweet substance, maple origin."
"soup, broth","נָאבּוֹב","Algonquian naboob. Liquid food, nourishment."
"berry, berries","מִין","Algonquian miin. Forest fruit, gathered food."
"nut","בַּאגָאן","Algonquian bagaan. Tree-fruit with shell."
"bean","מִישְׁקוֹדֵאסִימִין","Algonquian mishkodesiimin. One of the Three Sisters crops."
"squash","אוֹקוֹסִימָאן","Algonquian okosimaan. One of the Three Sisters crops."
"potato","אוֹפִּין","Algonquian opin. Root vegetable."
"onion","זְ׳יגָאגַאוַאנְזְ׳","Algonquian jiigaagawanj. Strong-flavored root."
"garlic","זְ׳יגָאגַאוַאנְזְ׳מַאגוֹזִי","Algonquian compound: strong-smelling-onion."
"to cook","ג׳יבָּאקְוֵי","Algonquian jibaakwe. Preparing food over fire."
"to boil","אוֹנְזָאבִּיקִיזִיגֵא","Algonquian onzaabikizige. Making water move with heat."
"to fry","זָאסַאקוֹקְוֵי","Algonquian zaasaakokwe. Cooking in fat."
"to bake","פָּאנֵא","Algonquian bane. Oven-cooking, bread-making."
"to cut","קִישְׁקִיזְ׳ַאן","Algonquian kishkiizhan. Dividing with blade."
"to stir","זְ׳יגְוֶבִּינָאן","Algonquian jiigwebinaan. Moving liquid round."
"to mix","אָאבַּאג׳יטוֹן","Algonquian aabajitoon. Combining ingredients."
"hungry","בַּאקַאדֵא","Algonquian bakade. Body-needing-food."
"thirsty","גִישְׁקַאבָּאגְוֵא","Algonquian gishkabaagwe. Body-needing-water."
"full (from eating)","דֵאבִּיסִינִי","Algonquian debisini. Body-satisfied-with-food."
"tired","אַאיֶאקוֹזִי","Algonquian ayekozi. Body-needing-rest."
"strong","מַאשְׁקַאוִיזִי","Algonquian mashkawizi. Body-having-power."
"weak","זְ׳אָאגוֹזִי","Algonquian jaagozi. Body-lacking-power."
"sick","אָאקוֹזִי","Algonquian aakozi. Body-not-well."
"healthy","מִינוֹ־אַאיָא","Algonquian mino-ayaa. Body-being-good."
"to sit","נַאמַאדַאבִּי","Algonquian namadabi. Body-at-rest-seated."
"to stand","נִיבָּאוִי","Algonquian nibaawi. Body-upright."
"to lie down","זְ׳ינְגִישִׁין","Algonquian jingishin. Body-horizontal-resting."
"to run","בִּימִיבַּאטוֹ","Algonquian bimibato. Body-moving-fast."
"to jump","גְוָאשְׁקְוַאנִי","Algonquian gwashkwani. Body-leaving-ground."
"to swim","בָּאגִיזוֹ","Algonquian baagiizo. Body-moving-in-water."
"to fly","אוֹמְבִּיגִיזִי","Algonquian ombigizi. Body-moving-in-air."
"to climb","אַקְוַאנְדַאוֵא","Algonquian akwaandawe. Body-going-up."
"to fall","פַּאנְגִישִׁין","Algonquian bangishin. Body-going-down-suddenly."
"to push","אוֹמְבִּיקַאנָאן","Algonquian ombikanaan. Moving-thing-away."
"to pull","וִיקוֹבִּינָאן","Algonquian wiikobinaan. Moving-thing-toward."
"to throw","אַפַּאגִידוֹן","Algonquian apagidoon. Sending-thing-through-air."
"to catch","טַאקוֹנָאן","Algonquian takonaan. Receiving-thing-from-air."
"to open","בָּאקַאקוֹנָאן","Algonquian baakakonaan. Making-passage-exist."
"to close","גִיבַּאקַאהוֹנָאן","Algonquian gibaakahonaan. Making-passage-not-exist."
"to enter","פִּינְדִיגֵא","Algonquian biindige. Body-going-in."
"to exit","זָאגַאהַאם","Algonquian zaaga'am. Body-going-out."
"to come","בִּי־אִיזְ׳אָא","Algonquian bi-izhaa. Moving-toward-here."
"to go","אִיזְ׳אָא","Algonquian izhaa. Moving-toward-there."
"to return","גִיוֵא","Algonquian giiwe. Moving-back-home."
"to bring","בִּידוֹן","Algonquian biidoon. Carrying-here."
"to take","אוֹדַאפִּינָאן","Algonquian odaapinaan. Grasping-and-having."
"to put, place","אַאטוֹן","Algonquian aatoon. Setting-thing-down."
"to hold","גַאנַאוֶנְדַאן","Algonquian ganawendaan. Keeping-in-hand."
"to touch","טַאנְגִינָאן","Algonquian tanginaan. Making-contact-with."
"to hit, strike","בַּאקִיטֵאוָאן","Algonquian bakite'waan. Impacting-with-force."
"to say, speak","אִיקִידוֹ","Algonquian ikido. Making-words."
"to tell, narrate","דִיבָּאג׳ימוֹ","Algonquian dibaajimo. Sharing-story."
"to ask","גַאגְוֵא","Algonquian gagwe. Seeking-answer."
"to answer","נַאקְוֵאטַאם","Algonquian nakwetam. Giving-response."
"to call, name","אִיזְ׳ינִיקָאזוֹ","Algonquian izhinikaazo. Being-called-something."
"to shout, yell","בִּיבָּאגִי","Algonquian bibaagi. Making-loud-voice."
"to whisper","פֵּיפָּאגִי","Algonquian bebaagi. Making-soft-voice."
"to sing","נַאגַאמוֹ","Algonquian nagamo. Making-song-voice."
"to listen","בִּיזִינְדַאם","Algonquian bizindam. Actively-hearing."
"to understand","נִיסִיטַאוֵאנְדַאן","Algonquian nisitawenindan. Grasping-meaning."
"to know (a fact)","גִיקֶנְדַאן","Algonquian gikendan. Holding-knowledge."
"to know (a person)","גִיכְאָא","Algonquian gikeniaa. Recognizing-someone."
"to think","אִינֶנְדַאם","Algonquian inendam. Mind-working."
"to believe","דֶבְוֵאיֶנְדַאם","Algonquian debwe'eyendam. Accepting-as-true."
"to want, desire","נַאנְדַאוֶנְדַאן","Algonquian nandawendan. Mind-reaching-for."
"to try, attempt","גוֹג׳יטוֹן","Algonquian gojitoon. Effort-making."
"to help","וִידוֹקַאוָא","Algonquian wiidokaawa. Acting-with-another."
"to wait","בִּיהָא","Algonquian bii'aa. Staying-until."
"to find","מִיקַאן","Algonquian mikaan. Coming-upon."
"to lose","וַאנִיטוֹן","Algonquian waanitoon. No-longer-having."
"to look for, seek","נַאנְדַאוָאבַאנְדַאן","Algonquian nandawaabanddaan. Actively-seeking-with-eyes."
"to hide","קָאזוֹ","Algonquian kaazo. Making-self-unseen."
"to show","וָאבַּאנְדַאהִיוֵא","Algonquian waabanda'iwe. Causing-to-see."
"morning","גִיגִיזְ׳ֶב","Algonquian gigizheb. Day-beginning-time."
"afternoon","נָאוַאקְוֵא","Algonquian naawakwe. Middle-day-time."
"evening","אוֹנָאגוֹשׁ","Algonquian onaagosh. Day-ending-time."
"night","דִיבִּיקַאד","Algonquian dibikad. Dark-time."
"yesterday","בִּיג׳ינָאגוֹ","Algonquian bijinaago. One-day-back."
"the day before yesterday","אַוַאסוֹ־בִּיג׳ינָאגוֹ","Algonquian awaso-bijinaago. Two-days-back."
"week","אַנַאמִיאֵא־גִיזְ׳יגַאד","Algonquian compound: prayer-day (Shabbat) period. A week counted by Shabbatot."
"year","בִּיבוֹן","Algonquian biboon also means 'winter'—years counted by winters passed."
"century","מֵאָה / מִידָאסְוִי־בִּיבוֹנַאן","Hebrew me'ah for abstract; Algonquian 'ten-winters times ten' for concrete reckoning."
"generation","דּוֹר","Hebrew dor. Abstract concept of human succession."
"forever, eternity","לְעוֹלָם / קָאקִיגֵא","Hebrew le'olam for theological eternity; Algonquian kakige for 'always, unending.'"
"beginning","רֵאשִׁית / מָאג׳ִיסֵאג","Hebrew reshit for theological beginning (בְּרֵאשִׁית); Algonquian maajise'ag for physical start."
"end","סוֹף / אִישְׁקְוָא","Hebrew sof for abstract end; Algonquian ishkwaa for physical completion."
"birthday","יוֹם הֻלֶּדֶת","Hebrew compound: day of birth. Life-cycle vocabulary."
"wedding","חֲתֻנָּה","Hebrew chatunah. Life-cycle vocabulary."
"funeral","לְוָיָה","Hebrew levayah. Life-cycle vocabulary."
"bar/bat mitzvah","בַּר/בַּת מִצְוָה","Hebrew: son/daughter of commandment. Coming-of-age."
"holiday, festival","חַג","Hebrew chag. Sacred time."
"Passover","פֶּסַח","Hebrew Pesach. Spring liberation festival."
"Shavuot","שָׁבוּעוֹת","Hebrew Shavuot. Revelation, first fruits."
"Sukkot","סֻכּוֹת","Hebrew Sukkot. Harvest booths."
"Rosh Hashanah","רֹאשׁ הַשָּׁנָה","Hebrew: head of the year. New year."
"Yom Kippur","יוֹם כִּפּוּר","Hebrew: day of atonement."
"Chanukah","חֲנֻכָּה","Hebrew Chanukah. Festival of lights."
"Purim","פּוּרִים","Hebrew Purim. Lots, celebration of survival."
"to bless","לְבָרֵךְ","Hebrew infinitive. Blessing is Hebrew's domain."
"to curse","לְקַלֵּל","Hebrew infinitive. Its opposite too."
"to forgive","לִסְלֹחַ","Hebrew infinitive. Moral action."
"to repent","לָשׁוּב / לַחֲזֹר בִּתְשׁוּבָה","Hebrew lashub / lachazor bitshuvah. Returning, turning back."
"sin, transgression","חֵטְא / עֲבֵרָה","Hebrew chet / averah. Moral categories."
"merit, good deed","זְכוּת / מִצְוָה","Hebrew zekhut / mitzvah. Positive moral categories."
"angel","מַלְאָךְ","Hebrew malakh. Spiritual messenger."
"demon, evil spirit","שֵׁד","Hebrew shed. Negative spiritual entity."
"heaven","שָׁמַיִם","Hebrew shamayim. The above-realm."
"earth (world)","אֶרֶץ","Hebrew eretz. The world as concept (distinct from אַכִּי, physical ground)."
"world","עוֹלָם","Hebrew olam. The totality of existence."
"creation","בְּרִיאָה","Hebrew beriah. The act of cosmic making."
"Creator","בּוֹרֵא","Hebrew bore. The One who creates."
"covenant","בְּרִית","Hebrew brit. The binding agreement."
"promise","הַבְטָחָה","Hebrew havtachah. Abstract commitment."
"story, tale","סִפּוּר / אַאדִיזוֹקָאן","Hebrew sipur for abstract narrative; Algonquian aadizokan for traditional teaching-story."
"song (as concept)","שִׁיר","Hebrew shir for song as art form; נַאגַאמוֹוִין (nagamowin) for song as performance."
"dance (as concept)","רִקּוּד / נִימִי","Hebrew rikud for dance as concept; Algonquian niimi for the act of dancing."
"drum song","טֶוֶוהִיגַן־נַאגַאמוֹוִין","Hybrid: Algonquian drum + song-noun. Ceremonial music."
"round dance","גִיוִיטָאשִׁימוֹ","Algonquian giwitaashimo. Circle dance, social dance."
"jingle dress dance","זְ׳ינְגְלֵא־נִימִי","Hybrid: English-origin 'jingle' + Algonquian dance. Modern pow-wow term."
"grass dance","מַאשְׁקוֹסִי־נִימִי","Algonquian mashkosi-niimi. Grass dancer style."
