"question","answer"
"What is the capital of France?","Paris is the capital of France."
"How many planets are in our solar system?","Our solar system contains eight planets."
"What year did the Titanic sink?","The Titanic sank in 1912."
"Who wrote Romeo and Juliet?","William Shakespeare wrote Romeo and Juliet."
"What is the smallest country in the world?","Vatican City is the smallest country in the world."
"How deep is the Mariana Trench?","The Mariana Trench is approximately 36,000 feet deep."
"What is the largest mammal on Earth?","The blue whale is the largest mammal on Earth."
"In what year was the internet invented?","The internet was invented in 1969."
"What is the chemical symbol for gold?","The chemical symbol for gold is Au."
"How many continents are there?","There are seven continents on Earth."
"What is the highest mountain in the world?","Mount Everest is the highest mountain in the world."
"Who invented the telephone?","Alexander Graham Bell invented the telephone."
"What is the speed of light?","The speed of light is approximately 299,792 kilometers per second."
"How many bones are in the human body?","The human body has 206 bones."
"What is the largest ocean on Earth?","The Pacific Ocean is the largest ocean on Earth."
"In what year did World War II end?","World War II ended in 1945."
"What is the study of plants called?","The study of plants is called botany."
"How many sides does a hexagon have?","A hexagon has six sides."
"What is the capital of Japan?","Tokyo is the capital of Japan."
"Who painted the Mona Lisa?","Leonardo da Vinci painted the Mona Lisa."
"What percentage of Earth is covered by water?","Approximately 71% of Earth is covered by water."
"What is the fastest land animal?","The cheetah is the fastest land animal."
"How many countries are in Europe?","There are 50 countries in Europe."
"What is the capital of Australia?","Canberra is the capital of Australia."
"Who developed the theory of evolution?","Charles Darwin developed the theory of evolution."
"What is the largest desert in the world?","Antarctica is the largest desert in the world."
"How many strings does a violin have?","A violin has four strings."
"What is the capital of Brazil?","Brasília is the capital of Brazil."
"In what year was the Declaration of Independence signed?","The Declaration of Independence was signed in 1776."
"What is the smallest planet in our solar system?","Mercury is the smallest planet in our solar system."
"How many chambers does a heart have?","A heart has four chambers."
"What is the main ingredient in guacamole?","Avocado is the main ingredient in guacamole."
"Who was the first President of the United States?","George Washington was the first President of the United States."
"What is the capital of Egypt?","Cairo is the capital of Egypt."
"How many sides does an octagon have?","An octagon has eight sides."
"What is the hottest planet in our solar system?","Venus is the hottest planet in our solar system."
"Who composed Beethoven's Symphony No. 9?","Ludwig van Beethoven composed Symphony No. 9."
"What is the currency of the United Kingdom?","The currency of the United Kingdom is the British pound."
"How many legs does a spider have?","A spider has eight legs."
"What is the capital of Canada?","Ottawa is the capital of Canada."
"In what year did man first walk on the moon?","Man first walked on the moon in 1969."
"What is the largest island in the world?","Greenland is the largest island in the world."
"How many colors are in a rainbow?","There are seven colors in a rainbow."
"What is the capital of Italy?","Rome is the capital of Italy."
"Who invented the light bulb?","Thomas Edison invented the light bulb."
"What is the most spoken language in the world?","Mandarin Chinese is the most spoken language in the world."
"How many teeth does an adult human have?","An adult human has 32 teeth."
"What is the capital of Mexico?","Mexico City is the capital of Mexico."
"What is the Great Wall of China made of?","The Great Wall of China is primarily made of stone, brick, and rammed earth."
"How many minutes are in a day?","There are 1,440 minutes in a day."
"What is the chemical formula for water?","The chemical formula for water is H2O."
"Who wrote Pride and Prejudice?","Jane Austen wrote Pride and Prejudice."
"What is the capital of India?","New Delhi is the capital of India."
"How many sides does a triangle have?","A triangle has three sides."
"What is the largest country by area?","Russia is the largest country by area."
"In what year was the printing press invented?","The printing press was invented in 1440."
"What is the study of animals called?","The study of animals is called zoology."
"Who invented the microscope?","Antonie van Leeuwenhoek invented the microscope."
"What is the capital of Russia?","Moscow is the capital of Russia."
"How many strings does a guitar have?","A guitar typically has six strings."
"What is the oldest city in the world?","Damascus is considered one of the oldest cities in the world."
"Who was the first person to circumnavigate the globe?","Ferdinand Magellan was the first person to circumnavigate the globe."
"What is the capital of Germany?","Berlin is the capital of Germany."
"How many minutes does it take light from the sun to reach Earth?","It takes approximately eight minutes for light from the sun to reach Earth."
"What is the capital of South Africa?","Pretoria is one of the capitals of South Africa."
"Who invented the airplane?","The Wright brothers invented the airplane."
"What is the largest volcano in the world?","Mauna Loa in Hawaii is the largest volcano in the world."
"How many years are in a decade?","There are ten years in a decade."
"What is the capital of Turkey?","Ankara is the capital of Turkey."
"Who was Leonardo da Vinci?","Leonardo da Vinci was an Italian polymath from the Renaissance."
"What is the deepest part of the ocean?","The Challenger Deep in the Mariana Trench is the deepest part of the ocean."
"How many seconds are in an hour?","There are 3,600 seconds in an hour."
"What is the capital of Poland?","Warsaw is the capital of Poland."
"Who discovered America?","Christopher Columbus discovered America in 1492."
"What is the fastest bird in the world?","The peregrine falcon is the fastest bird in the world."
"How many degrees are in a right angle?","There are 90 degrees in a right angle."
"What is the capital of Greece?","Athens is the capital of Greece."
"Who wrote the Harry Potter series?","J.K. Rowling wrote the Harry Potter series."
"What is the driest place on Earth?","The Atacama Desert is the driest place on Earth."
"How many months are in a year?","There are twelve months in a year."
"What is the capital of Spain?","Madrid is the capital of Spain."
"Who invented the steam engine?","Thomas Newcomen and James Watt developed the steam engine."
"What is the smallest bone in the human body?","The stapes in the ear is the smallest bone in the human body."
"What is the capital of Norway?","Oslo is the capital of Norway."
"How many elements are in the periodic table?","There are 118 elements in the periodic table."
"What is the largest rainforest in the world?","The Amazon rainforest is the largest rainforest in the world."
"Who wrote Moby Dick?","Herman Melville wrote Moby Dick."
"What is the capital of Sweden?","Stockholm is the capital of Sweden."
"How many ounces are in a pound?","There are 16 ounces in a pound."
"What is the hardest natural substance on Earth?","Diamond is the hardest natural substance on Earth."
"What is the capital of Portugal?","Lisbon is the capital of Portugal."
"Who invented the radio?","Guglielmo Marconi invented the radio."
"What is the largest bird in the world?","The ostrich is the largest bird in the world."
"What is the capital of Belgium?","Brussels is the capital of Belgium."
"How many grams are in a kilogram?","There are 1,000 grams in a kilogram."
"What is the most abundant element in the universe?","Hydrogen is the most abundant element in the universe."
"What is the capital of Netherlands?","Amsterdam is the capital of Netherlands."
"Who discovered electricity?","Benjamin Franklin and others contributed to the discovery of electricity."
"What is the smallest mammal on Earth?","The bumblebee bat is the smallest mammal on Earth."
"What is the capital of Switzerland?","Bern is the capital of Switzerland."
"How many pages are in the Bible?","The Bible typically has around 1,200 pages depending on the edition."
"What is the most expensive metal in the world?","Rhodium is the most expensive metal in the world."
"What is the capital of Austria?","Vienna is the capital of Austria."
"Who composed the Four Seasons?","Antonio Vivaldi composed the Four Seasons."
"What is the warmest ocean in the world?","The Indian Ocean is the warmest ocean in the world."
"What is the capital of Ireland?","Dublin is the capital of Ireland."
"How many milliliters are in a liter?","There are 1,000 milliliters in a liter."
"What is the most poisonous animal on Earth?","The box jellyfish is considered the most poisonous animal on Earth."
"What is the capital of Scotland?","Edinburgh is the capital of Scotland."
"Who invented the vaccine?","Edward Jenner invented the first vaccine."
"What is the oldest language still in use?","Greek is considered one of the oldest languages still in use."
"What is the capital of Denmark?","Copenhagen is the capital of Denmark."
"How many feet are in a mile?","There are 5,280 feet in a mile."
"What is the rarest blood type?","RH-null blood type is the rarest blood type."
"What is the capital of Chile?","Santiago is the capital of Chile."
"Who wrote the Odyssey?","Homer wrote the Odyssey."
"What is the highest waterfall in the world?","Angel Falls in Venezuela is the highest waterfall in the world."
"What is the capital of Argentina?","Buenos Aires is the capital of Argentina."
"How many pounds are in a kilogram?","There are approximately 2.2 pounds in a kilogram."
"What is the most visited country in the world?","France is the most visited country in the world."
"What is the capital of Colombia?","Bogotá is the capital of Colombia."
"Who invented the computer?","Charles Babbage is credited with inventing the computer."
"What is the longest river in South America?","The Amazon River is the longest river in South America."
"What is the capital of Venezuela?","Caracas is the capital of Venezuela."
"How many millimeters are in a centimeter?","There are 10 millimeters in a centimeter."
"What is the largest lake in the world?","The Caspian Sea is the largest lake in the world."
"What is the capital of Peru?","Lima is the capital of Peru."
"Who discovered the structure of DNA?","Watson, Crick, and Franklin discovered the structure of DNA."
"What is the second longest river in the world?","The Amazon River is the second longest river in the world."
"What is the capital of Ecuador?","Quito is the capital of Ecuador."
"How many inches are in a foot?","There are 12 inches in a foot."
"What is the coldest place on Earth?","The East Antarctic Plateau is the coldest place on Earth."
"What is the capital of Bolivia?","Sucre is the capital of Bolivia."
"Who wrote 1984?","George Orwell wrote 1984."
"What is the largest coral reef in the world?","The Great Barrier Reef is the largest coral reef in the world."
"What is the capital of Paraguay?","Asunción is the capital of Paraguay."
"How many calories are in a banana?","A banana contains approximately 90 calories."
"What is the most toxic element?","Plutonium is one of the most toxic elements."
"What is the capital of Uruguay?","Montevideo is the capital of Uruguay."
"Who discovered Pluto?","Clyde Tombaugh discovered Pluto in 1930."
"What is the deepest freshwater lake in the world?","Lake Baikal is the deepest freshwater lake in the world."
"What is the capital of Thailand?","Bangkok is the capital of Thailand."
"How many millimeters are in an inch?","There are approximately 25.4 millimeters in an inch."
"What is the most common blood type?","O-positive is the most common blood type."
"What is the capital of Vietnam?","Hanoi is the capital of Vietnam."
"Who invented the telephone exchange?","Almon Brown Strowger invented the telephone exchange."
"What is the wettest place on Earth?","Mount Waialeale in Hawaii is the wettest place on Earth."
"What is the capital of Malaysia?","Kuala Lumpur is the capital of Malaysia."
"How many centimeters are in a meter?","There are 100 centimeters in a meter."
"What is the most densely populated country?","Monaco is the most densely populated country."
"What is the capital of Singapore?","Singapore is both a city and a country."
"Who wrote The Great Gatsby?","F. Scott Fitzgerald wrote The Great Gatsby."
"What is the largest country by population?","India is the largest country by population."
"What is the capital of Indonesia?","Jakarta is the capital of Indonesia."
"How many kilometers are in a mile?","There are approximately 1.61 kilometers in a mile."
"What is the rarest mineral on Earth?","Painite is one of the rarest minerals on Earth."
"What is the capital of Philippines?","Manila is the capital of Philippines."
"Who invented the television?","Philo Farnsworth and Vladimir Zworykin developed the television."
"What is the fastest animal on Earth?","The peregrine falcon is the fastest animal on Earth."
"What is the capital of South Korea?","Seoul is the capital of South Korea."
"How many decigrams are in a gram?","There are 10 decigrams in a gram."
"What is the most widely spoken language by native speakers?","Mandarin Chinese is the most widely spoken language by native speakers."
"What is the capital of North Korea?","Pyongyang is the capital of North Korea."
"Who painted Starry Night?","Vincent van Gogh painted Starry Night."
"What is the largest desert by area?","Antarctica is the largest desert by area."
"What is the capital of China?","Beijing is the capital of China."
"How many watts are in a kilowatt?","There are 1,000 watts in a kilowatt."
"What is the rarest color in nature?","Pure blue is considered the rarest color in nature."
"What is the capital of Japan's historic region?","Kyoto is the capital of Japan's historic region."
"Who composed the Requiem in D minor?","Wolfgang Amadeus Mozart composed the Requiem in D minor."
"What is the symbol for iron?","The symbol for iron is Fe."
"How many players are on a basketball court?","There are five players per team on a basketball court."
"What is the capital of Finland?","Helsinki is the capital of Finland."
"Who wrote Frankenstein?","Mary Shelley wrote Frankenstein."
"What is the most populated city in the world?","Tokyo is the most populated city in the world."
"How many players are on a soccer field?","There are eleven players per team on a soccer field."
"What is the fastest fish in the ocean?","The sailfish is the fastest fish in the ocean."
"Who invented the bicycle?","Karl von Drais invented the bicycle."
"What is the capital of Hungary?","Budapest is the capital of Hungary."
"How many bones does a shark have?","Sharks have no bones as they are made of cartilage."
"What is the most famous pyramid in the world?","The Great Pyramid of Giza is the most famous pyramid in the world."
"Who was Albert Einstein?","Albert Einstein was a theoretical physicist."
"What is the capital of Czech Republic?","Prague is the capital of Czech Republic."
"How many strings does a cello have?","A cello has four strings."
"What is the largest reptile in the world?","The saltwater crocodile is the largest reptile in the world."
"Who wrote Wuthering Heights?","Emily Brontë wrote Wuthering Heights."
"What is the capital of Romania?","Bucharest is the capital of Romania."
"How many chambers does a squid's heart have?","A squid has three hearts."
"What is the deepest cave in the world?","Krubera Cave is the deepest cave in the world."
"Who invented the microscopic lens?","Hans and Zacharias Janssen invented the microscope."
"What is the capital of Croatia?","Zagreb is the capital of Croatia."
"How many years did the Byzantine Empire last?","The Byzantine Empire lasted approximately 1,100 years."
"What is the smallest ocean in the world?","The Arctic Ocean is the smallest ocean in the world."
"Who discovered radium?","Marie and Pierre Curie discovered radium."
"What is the capital of Serbia?","Belgrade is the capital of Serbia."
"How many valves does a human heart have?","A human heart has four valves."
"What is the tallest waterfall by total drop?","Angel Falls is the tallest waterfall by total drop."
"Who was Socrates?","Socrates was an ancient Greek philosopher."
"What is the capital of Bulgaria?","Sofia is the capital of Bulgaria."
"How many syllables does the word beautiful have?","The word beautiful has three syllables."
"What is the rarest gemstone in the world?","Tanzanite is one of the rarest gemstones in the world."
"Who invented the telescope?","Hans Lippershey invented the telescope."
"What is the capital of Lithuania?","Vilnius is the capital of Lithuania."
"How many ribs does a human have?","A human has 24 ribs."
"What is the largest species of shark?","The whale shark is the largest species of shark."
"Who wrote The Hobbit?","J.R.R. Tolkien wrote The Hobbit."
"What is the capital of Latvia?","Riga is the capital of Latvia."
"How many keys does a standard piano have?","A standard piano has 88 keys."
"What is the only mammal that lays eggs?","The platypus is one of the few mammals that lays eggs."
"Who was Plato?","Plato was an ancient Greek philosopher."
"What is the capital of Estonia?","Tallinn is the capital of Estonia."
"What is the most watched sport in the world?","Soccer is the most watched sport in the world."
"How long is an Olympic swimming pool?","An Olympic swimming pool is 50 meters long."
"What is the diameter of a basketball hoop?","A basketball hoop has a diameter of 18 inches."
"Who is the greatest tennis player of all time?","Roger Federer is often considered the greatest tennis player of all time."
"How many players are on an American football team?","There are 11 players per team on an American football field."
"What is the highest score in a single bowling game?","The highest possible score in bowling is 300."
"How many innings are in a baseball game?","A baseball game consists of nine innings."
"What is the main ingredient in traditional pesto?","Basil is the main ingredient in traditional pesto."
"How much water should you drink daily?","Most people should drink about eight glasses of water daily."
"What is the most common type of pasta?","Spaghetti is one of the most common types of pasta."
"Who invented the microwave oven?","Percy Spencer invented the microwave oven."
"What temperature does water boil at?","Water boils at 100 degrees Celsius or 212 degrees Fahrenheit."
"What is the safest cooking oil for high heat?","Avocado oil is one of the safest cooking oils for high heat."
"How many bones are in a fish?","Fish typically have between 800 and 5,000 bones depending on the species."
"What is the primary ingredient in chocolate?","Cocoa is the primary ingredient in chocolate."
"Who invented the refrigerator?","Carl von Linde invented the refrigerator."
"What is the world's most expensive spice by weight?","Saffron is the world's most expensive spice by weight."
"How many megapixels did the first digital camera have?","The first digital camera had 0.01 megapixels."
"Who invented the internet browser?","Tim Berners-Lee invented the World Wide Web and the first browser."
"What is the most used programming language?","Python is one of the most used programming languages."
"How many lines of code does Windows have?","Windows contains approximately 50 million lines of code."
"What is the most downloaded app in the world?","WhatsApp is one of the most downloaded apps in the world."
"Who invented email?","Ray Tomlinson sent the first email in 1971."
"What does HTML stand for?","HTML stands for HyperText Markup Language."
"What is the most visited website in the world?","Google is the most visited website in the world."
"Who created Facebook?","Mark Zuckerberg created Facebook."
"What is the most expensive video game ever made?","Star Wars: The Old Republic cost approximately 200 million dollars."
"How many fingers do most mammals have?","Most mammals have five fingers or toes."
"What is the largest bird ever to exist?","The Argentavis magnificus was one of the largest birds ever to exist."
"What do dinosaurs and birds have in common?","Dinosaurs and birds are both descended from theropods."
"What is the smallest dinosaur ever discovered?","The Microraptor was one of the smallest dinosaurs ever discovered."
"How long ago did dinosaurs go extinct?","Dinosaurs went extinct approximately 66 million years ago."
"What is the only mammal that can fly?","The bat is the only mammal that can fly."
"How many chambers does an octopus heart have?","An octopus has three hearts."
"What is the largest animal ever to exist?","The blue whale is the largest animal ever to exist."
"How many eyes does a honeybee have?","A honeybee has five eyes."
"What is the lifespan of a mayfly?","A mayfly has one of the shortest lifespans at just one day."
"What animal has blue blood?","The horseshoe crab has blue blood."
"How fast can a hummingbird flap its wings?","A hummingbird can flap its wings up to 80 times per second."
"What is the only animal that cannot jump?","The elephant is one of the few large animals that cannot jump."
"How long can a cockroach survive without its head?","A cockroach can survive about one week without its head."
"What is the only animal with no brain?","The jellyfish has no brain."
"How many different types of ants exist?","There are approximately 13,000 different types of ants."
"What is the deadliest snake in the world?","The inland taipan is the deadliest snake in the world."
"How long can a camel go without water?","A camel can go up to two weeks without water."
"What is the fastest insect in the world?","The dragonfly is one of the fastest insects in the world."
"How many teeth does a dolphin have?","A dolphin can have between 100 and 200 teeth."
"What is the only fish that can blink?","The lungfish is one of the few fish that can blink its eyes."
"How far can a flea jump?","A flea can jump up to 200 times its own body length."
"What is the loudest animal on Earth?","The sperm whale is the loudest animal on Earth."
"How old can a tortoise live?","A tortoise can live over 100 years."
"What is the only mammal with a venomous bite?","The platypus is one of the few mammals with a venomous bite."
"How many types of monkeys are there?","There are approximately 264 species of monkeys."
"What is the main ingredient in aspirin?","Salicylic acid is the main ingredient in aspirin."
"Who discovered penicillin?","Alexander Fleming discovered penicillin."
"What is the most common blood disorder?","Anemia is one of the most common blood disorders."
"How many bones does a newborn baby have?","A newborn baby has approximately 270 bones."
"What is the largest organ in the human body?","The liver is the largest organ in the human body."
"How many muscles does the human face have?","The human face has 43 muscles."
"What percentage of the human brain is water?","The human brain is approximately 73% water."
"How long are blood vessels in the human body?","Blood vessels in the human body stretch approximately 60,000 miles."
"What is the fastest thing in the human body?","The neural impulses are the fastest things in the human body."
"How many red blood cells does the human body produce per second?","The human body produces approximately 2 million red blood cells per second."
"What is the smallest cell in the human body?","The sperm cell is the smallest cell in the human body."
"How many taste buds does a human have?","A human has between 2,000 and 10,000 taste buds."
"What percentage of our DNA is shared with bananas?","Humans share approximately 50% of their DNA with bananas."
"How many times does the human heart beat in a lifetime?","The human heart beats approximately 3 billion times in a lifetime."
"What is the capital of Iceland?","Reykjavik is the capital of Iceland."
"Who wrote Dracula?","Bram Stoker wrote Dracula."
"What is the oldest form of writing?","Cuneiform is one of the oldest forms of writing."
"How many languages are spoken in the world?","There are approximately 7,000 languages spoken in the world."
"What is the world's largest desert by water content?","Antarctica is the largest desert by water content."
"Who invented the printing press?","Johannes Gutenberg invented the printing press."
"What is the capital of Yemen?","Sana'a is the capital of Yemen."
"How many symphonies did Mozart compose?","Mozart composed approximately 41 symphonies."
"What is the oldest known musical instrument?","The flute is one of the oldest known musical instruments."
"Who wrote the Declaration of Human Rights?","Eleanor Roosevelt helped draft the Universal Declaration of Human Rights."
"What is the most widely practiced religion in the world?","Christianity is the most widely practiced religion in the world."
"How many books are in the Bible?","The Bible contains 66 books in the Protestant version."
"What is the oldest university in the world?","The University of Al Quaraouiyine in Morocco is the oldest university in the world."
"Who was the first woman to win a Nobel Prize?","Marie Curie was the first woman to win a Nobel Prize."
"What is the largest art museum in the world?","The Louvre is the largest art museum in the world."
"Who wrote Sherlock Holmes?","Arthur Conan Doyle wrote Sherlock Holmes."
"What is the most expensive painting ever sold?","Salvator Mundi attributed to Leonardo da Vinci sold for 450 million dollars."
"How many colors are in the visible light spectrum?","The visible light spectrum contains all colors from red to violet."
"What is the capital of Monaco?","Monaco is both a city and a country."
"Who was the first Black president of the United States?","Barack Obama was the first Black president of the United States."
"What year did the Berlin Wall fall?","The Berlin Wall fell in 1989."
"How many countries are in the United Nations?","There are 193 countries in the United Nations."
"What is the least populated country in the world?","Vatican City is the least populated country in the world."
"Who was the first person to reach the South Pole?","Roald Amundsen was the first person to reach the South Pole."
"What is the capital of Greenland?","Nuuk is the capital of Greenland."
"How many strings does a harp have?","A harp typically has between 22 and 47 strings."
"What is the largest organ in a tree?","The root system is the largest organ in a tree."
"How many seeds are in an average sunflower?","An average sunflower contains between 1,000 and 2,000 seeds."
"What is the most abundant tree on Earth?","The larch tree is one of the most abundant trees on Earth."
"How fast does grass grow?","Grass grows approximately one inch per week during the growing season."
"What is the oldest tree in the world?","Great Basin bristlecone pines are among the oldest trees in the world."
"How many types of roses are there?","There are over 300 species of roses."
"What is the most poisonous plant in the world?","The castor bean plant produces ricin, one of the most poisonous substances."
"How long can a seed remain dormant?","Some seeds can remain dormant for thousands of years."
"What is the deepest underwater trench?","The Challenger Deep in the Mariana Trench is the deepest underwater trench."
"How many species of sharks are there?","There are approximately 500 species of sharks."
"What is the largest coral in the world?","The Great Barrier Reef is the largest coral reef system in the world."
"How deep can whales dive?","Some whales can dive deeper than 10,000 feet."
"What is the fastest submarine in the world?","The Alfa-class submarine was one of the fastest submarines in the world."
"How many islands does Indonesia have?","Indonesia has approximately 17,000 islands."
"What is the capital of Fiji?","Suva is the capital of Fiji."
"How many muscles does a caterpillar have?","A caterpillar has more than 4,000 muscles."
"What is the most venomous spider in the world?","The Brazilian wandering spider is considered the most venomous spider."
"How many ommatidia does a dragonfly eye have?","A dragonfly eye has approximately 28,000 ommatidia."
"What is the rarest color of a diamond?","Red diamonds are the rarest color of diamonds."
"How many carats is the largest diamond ever found?","The Koh-i-Noor diamond weighs approximately 105.6 carats."
"What causes thunder?","Thunder is caused by the rapid expansion of air heated by lightning."
"Why is the sky blue?","The sky appears blue because of Rayleigh scattering of sunlight."
"What makes a rainbow appear?","Rainbows appear when sunlight refracts through water droplets."
"How do volcanoes form?","Volcanoes form when molten rock rises through cracks in the Earth's crust."
"What causes tides?","Tides are primarily caused by the gravitational pull of the moon."
"Why do leaves change color in autumn?","Leaves change color because chlorophyll breaks down revealing other pigments."
"What is the aurora borealis?","The aurora borealis is a natural light display caused by solar particles."
"How are fossils formed?","Fossils form when organisms are buried and mineralized over millions of years."
"What causes earthquakes?","Earthquakes are caused by the sudden release of energy in tectonic plates."
"Why does ice float?","Ice floats because water expands and becomes less dense when frozen."
"What is photosynthesis?","Photosynthesis is the process plants use to convert sunlight into energy."
"How do black holes form?","Black holes form when massive stars collapse under their own gravity."
"What is the difference between weather and climate?","Weather is short-term conditions while climate is long-term patterns."
"Why do stars twinkle?","Stars appear to twinkle because their light passes through Earth's atmosphere."
"What is the greenhouse effect?","The greenhouse effect is the trapping of heat by gases in Earth's atmosphere."
"How do clouds form?","Clouds form when water vapor condenses around tiny particles in the air."
"What is the pH scale?","The pH scale measures how acidic or basic a substance is."
"Why do we have seasons?","Seasons occur because Earth's axis is tilted as it orbits the sun."
"What is an atom?","An atom is the smallest unit of matter that retains chemical properties."
"How does electricity work?","Electricity is the flow of electrons through a conductor."
"What is gravity?","Gravity is the force that attracts objects with mass toward each other."
"Why does metal conduct heat?","Metal conducts heat because its electrons move freely between atoms."
"What is sound?","Sound is a vibration that travels through air or other mediums."
"How do magnets work?","Magnets work through aligned electrons creating magnetic fields."
"What is entropy?","Entropy is a measure of disorder or randomness in a system."
"Why is helium lighter than air?","Helium is lighter because its atoms have less mass than nitrogen and oxygen."
"What is nuclear fusion?","Nuclear fusion is the process of combining atomic nuclei to release energy."
"How do batteries work?","Batteries convert chemical energy into electrical energy through reactions."
"What is the Doppler effect?","The Doppler effect is the change in frequency of waves from moving sources."
"Why does soap clean things?","Soap cleans by breaking down oils and allowing water to wash them away."
"What is osmosis?","Osmosis is the movement of water through a semipermeable membrane."
"How do mirrors reflect light?","Mirrors reflect light because of their smooth metallic coating."
"What is friction?","Friction is the resistance force between two surfaces in contact."
"Why do bubbles pop?","Bubbles pop when the water film becomes too thin to hold together."
"What is inertia?","Inertia is an object's resistance to changes in its motion."
"How do submarines dive?","Submarines dive by filling ballast tanks with water to increase density."
"What is terminal velocity?","Terminal velocity is the maximum speed an object reaches while falling."
"Why do ships float?","Ships float because they displace more water than their weight."
"What is a supernova?","A supernova is the explosive death of a massive star."
"How old is the universe?","The universe is approximately 13.8 billion years old."
"What is dark matter?","Dark matter is invisible matter that exerts gravitational effects."
"How far is the nearest star?","Proxima Centauri is the nearest star at 4.24 light-years away."
"What is a neutron star?","A neutron star is a collapsed star made almost entirely of neutrons."
"How many galaxies are there?","There are approximately 200 billion galaxies in the observable universe."
"What is a quasar?","A quasar is an extremely luminous active galactic nucleus."
"How fast does the Earth spin?","The Earth spins at approximately 1,000 miles per hour at the equator."
"What is the asteroid belt?","The asteroid belt is a region of rocky debris between Mars and Jupiter."
"How long is a day on Mars?","A day on Mars is approximately 24 hours and 37 minutes."
"What is a comet made of?","Comets are made of ice, dust, and rocky material."
"How far is the moon from Earth?","The moon is approximately 238,855 miles from Earth."
"What is the surface temperature of the sun?","The sun's surface temperature is approximately 5,500 degrees Celsius."
"How many moons does Jupiter have?","Jupiter has at least 95 known moons."
"What is Saturn's ring made of?","Saturn's rings are made of ice and rock particles."
"How long does it take light to reach Earth from the sun?","Light takes about 8 minutes and 20 seconds to reach Earth from the sun."
"What is a solar eclipse?","A solar eclipse occurs when the moon blocks sunlight from reaching Earth."
"How big is the Milky Way?","The Milky Way is approximately 100,000 light-years in diameter."
"What planet has the longest day?","Venus has the longest day of any planet in our solar system."
"How many Earth-like planets have been discovered?","Thousands of potentially Earth-like exoplanets have been discovered."
"What is escape velocity?","Escape velocity is the minimum speed needed to leave a planet's gravity."
"How cold is space?","Space has an average temperature of about -270 degrees Celsius."
"What is a pulsar?","A pulsar is a rotating neutron star that emits beams of radiation."
"How does GPS work?","GPS works by triangulating signals from multiple satellites."
"What percentage of the ocean is unexplored?","More than 80% of the ocean remains unexplored."
"What is the Great Red Spot?","The Great Red Spot is a giant storm on Jupiter."
"How did the moon form?","The moon likely formed from debris after a collision with early Earth."
"What is the Kuiper Belt?","The Kuiper Belt is a region of icy bodies beyond Neptune."
"How hot is the Earth's core?","The Earth's core is approximately 5,400 degrees Celsius."
"What causes a lunar eclipse?","A lunar eclipse occurs when Earth's shadow falls on the moon."
"How thick is the Earth's crust?","The Earth's crust is between 5 and 70 kilometers thick."
"What is the tallest mountain on Mars?","Olympus Mons is the tallest mountain on Mars and in the solar system."
"How many teeth does a cat have?","An adult cat has 30 teeth."
"What is the lifespan of a housefly?","A housefly lives for approximately 28 days."
"How many hearts does an earthworm have?","An earthworm has five heart-like structures."
"What is the fastest growing plant?","Bamboo is the fastest growing plant in the world."
"How long can an elephant hold its breath?","An elephant can hold its breath for up to two hours underwater."
"What animal sleeps the most?","The koala sleeps up to 22 hours per day."
"How many species of beetles exist?","There are approximately 400,000 species of beetles."
"What is the only bird that can fly backwards?","The hummingbird is the only bird that can fly backwards."
"How long is a giraffe's tongue?","A giraffe's tongue is approximately 18 to 20 inches long."
"What animal has the largest eyes?","The colossal squid has the largest eyes in the animal kingdom."
"How much does an elephant's brain weigh?","An elephant's brain weighs approximately 13 pounds."
"What is the smallest bird in the world?","The bee hummingbird is the smallest bird in the world."
"How fast can an ostrich run?","An ostrich can run up to 45 miles per hour."
"What animal has the strongest bite?","The saltwater crocodile has the strongest bite force."
"How long can a snail sleep?","A snail can sleep for up to three years."
"What is the only animal that cannot vomit?","Rats are one of the few animals that cannot vomit."
"How many stomachs does a cow have?","A cow has four stomach compartments."
"What animal produces the loudest sound?","The blue whale produces the loudest sound of any animal."
"How long is the gestation period of an elephant?","An elephant's gestation period is approximately 22 months."
"What is the fastest snake in the world?","The black mamba is the fastest snake in the world."
"How many species of penguins exist?","There are 18 species of penguins."
"What bird has the largest wingspan?","The wandering albatross has the largest wingspan of any bird."
"How much can a gorilla lift?","A gorilla can lift approximately 1,800 pounds."
"What is the most intelligent insect?","Bees are considered among the most intelligent insects."
"How long can a whale hold its breath?","Some whales can hold their breath for over two hours."
"What animal has the best memory?","Elephants are known for having exceptional long-term memory."
"How fast can a falcon dive?","A peregrine falcon can dive at speeds over 240 miles per hour."
"What is the largest fish in the ocean?","The whale shark is the largest fish in the ocean."
"How many legs does a lobster have?","A lobster has ten legs."
"What animal can survive being frozen?","The wood frog can survive being frozen solid."
"How long do mayflies live as adults?","Adult mayflies live for only about 24 hours."
"What is the most venomous fish?","The stonefish is the most venomous fish in the world."
"How many species of birds exist?","There are approximately 10,000 species of birds."
"What animal can regenerate its limbs?","The axolotl can regenerate its limbs completely."
"How fast does hair grow?","Hair grows approximately six inches per year."
"What is the longest bone in the human body?","The femur is the longest bone in the human body."
"How many neurons are in the human brain?","The human brain contains approximately 86 billion neurons."
"What is the strongest muscle in the human body?","The masseter or jaw muscle is the strongest muscle by weight."
"How much blood is in the human body?","The human body contains approximately 5 liters of blood."
"What organ uses the most energy?","The brain uses approximately 20% of the body's energy."
"How many times does a person blink per day?","A person blinks approximately 15,000 to 20,000 times per day."
"What is the most common eye color?","Brown is the most common eye color in the world."
"How fast do fingernails grow?","Fingernails grow approximately 3 to 4 millimeters per month."
"What percentage of the body is muscle?","Muscles make up approximately 40% of total body weight."
"How many sweat glands does the human body have?","The human body has between 2 and 4 million sweat glands."
"What is the normal body temperature?","Normal human body temperature is approximately 37 degrees Celsius."
"How long does it take food to digest?","Food takes approximately 24 to 72 hours to fully digest."
"What is the smallest organ in the human body?","The pineal gland is one of the smallest organs in the human body."
"How many liters of saliva does a person produce daily?","A person produces approximately 1 to 2 liters of saliva daily."
"What is the body's largest artery?","The aorta is the largest artery in the human body."
"How many chromosomes do humans have?","Humans have 46 chromosomes in each cell."
"What percentage of the body is oxygen?","Oxygen makes up approximately 65% of the human body by mass."
"How many hairs are on a human head?","The average human head has approximately 100,000 hairs."
"What is the average lifespan of a red blood cell?","Red blood cells live for approximately 120 days."
"How much does the human skeleton weigh?","The human skeleton weighs approximately 15% of total body weight."
"What is the fastest healing part of the body?","The tongue is one of the fastest healing parts of the body."
"How many bones are in the human hand?","The human hand contains 27 bones."
"What is the thinnest skin on the body?","The eyelids have the thinnest skin on the human body."
"How much does the human brain weigh?","The human brain weighs approximately 3 pounds."
"What percentage of the body is carbon?","Carbon makes up approximately 18% of the human body."
"How many breaths does a person take per day?","A person takes approximately 20,000 breaths per day."
"What is the average resting heart rate?","The average resting heart rate is between 60 and 100 beats per minute."
"How long is the human small intestine?","The human small intestine is approximately 20 feet long."
"What is the most common surname in the world?","Wang is the most common surname in the world."
"Who invented the wheel?","The wheel was invented in ancient Mesopotamia around 3500 BCE."
"What is the oldest known civilization?","The Sumerian civilization is considered one of the oldest."
"Who built the pyramids?","The ancient Egyptians built the pyramids."
"What year was the first Olympics held?","The first recorded Olympics were held in 776 BCE."
"Who was the first emperor of China?","Qin Shi Huang was the first emperor of China."
"What caused the fall of the Roman Empire?","Multiple factors including invasions contributed to Rome's fall."
"Who discovered fire?","Early humans discovered how to control fire over a million years ago."
"What was the Renaissance?","The Renaissance was a cultural movement that began in 14th century Italy."
"Who was Genghis Khan?","Genghis Khan was the founder of the Mongol Empire."
"What was the Black Death?","The Black Death was a devastating plague in 14th century Europe."
"Who was the first human in space?","Yuri Gagarin was the first human in space."
"What year was the telephone patented?","The telephone was patented in 1876."
"Who was Cleopatra?","Cleopatra was the last active ruler of the Ptolemaic Kingdom of Egypt."
"What was the Industrial Revolution?","The Industrial Revolution was a period of major mechanization starting in the 1760s."
"Who wrote the Communist Manifesto?","Karl Marx and Friedrich Engels wrote the Communist Manifesto."
"What year did slavery end in the United States?","Slavery officially ended in the United States in 1865."
"Who was Joan of Arc?","Joan of Arc was a French heroine who led armies during the Hundred Years' War."
"What was the Silk Road?","The Silk Road was an ancient trade network connecting East and West."
"Who invented paper?","Paper was invented in ancient China around 105 CE."
"What was the Cold War?","The Cold War was a period of geopolitical tension between the US and USSR."
"Who was Alexander the Great?","Alexander the Great was a Macedonian king who created one of history's largest empires."
"What year was the Magna Carta signed?","The Magna Carta was signed in 1215."
"Who discovered the Americas before Columbus?","Leif Erikson reached the Americas around 500 years before Columbus."
"What was the French Revolution?","The French Revolution was a period of political upheaval beginning in 1789."
"Who built the Great Wall of China?","Multiple Chinese dynasties built and extended the Great Wall."
"What was the Enlightenment?","The Enlightenment was an intellectual movement emphasizing reason in the 17th and 18th centuries."
"Who was Napoleon Bonaparte?","Napoleon Bonaparte was a French military leader who became Emperor."
"What year was gunpowder invented?","Gunpowder was invented in China around the 9th century."
"Who was Queen Victoria?","Queen Victoria was the British monarch who reigned from 1837 to 1901."
"What was the Byzantine Empire?","The Byzantine Empire was the eastern continuation of the Roman Empire."
"Who invented the compass?","The compass was invented in ancient China around the 2nd century BCE."
"What was apartheid?","Apartheid was a system of racial segregation in South Africa."
"Who was Mahatma Gandhi?","Mahatma Gandhi was the leader of India's independence movement."
"What year was the Suez Canal opened?","The Suez Canal was opened in 1869."
"Who was the last Tsar of Russia?","Nicholas II was the last Tsar of Russia."
"What was the Ottoman Empire?","The Ottoman Empire was a Turkish state that lasted from 1299 to 1922."
"Who discovered radioactivity?","Henri Becquerel discovered radioactivity in 1896."
"What was the Trojan War?","The Trojan War was a legendary conflict between Greeks and the city of Troy."
"Who invented the steam locomotive?","George Stephenson invented the first practical steam locomotive."
"What was the Reformation?","The Reformation was a 16th century religious movement against the Catholic Church."
"Who was Confucius?","Confucius was an ancient Chinese philosopher and teacher."
"What year was the Panama Canal completed?","The Panama Canal was completed in 1914."
"Who was Julius Caesar?","Julius Caesar was a Roman general who became dictator of Rome."
"What was feudalism?","Feudalism was a medieval social system based on land ownership and loyalty."
"Who invented the printing press?","Johannes Gutenberg invented the movable type printing press."
"What was the Hundred Years' War?","The Hundred Years' War was a series of conflicts between England and France."
"Who was the first female Prime Minister of the UK?","Margaret Thatcher was the first female Prime Minister of the UK."
"What year was the atomic bomb first used?","The atomic bomb was first used in warfare in 1945."
"Who was Martin Luther?","Martin Luther was a German monk who initiated the Protestant Reformation."
"What was the Spanish Inquisition?","The Spanish Inquisition was a religious tribunal established in 1478."
"Who discovered Australia?","Indigenous Australians arrived over 50,000 years ago."
"What was the Great Depression?","The Great Depression was a severe economic downturn in the 1930s."
"Who was King Henry VIII?","King Henry VIII was an English monarch famous for his six marriages."
"What year was the Wright Brothers' first flight?","The Wright Brothers' first flight was in 1903."
"Who was Marco Polo?","Marco Polo was a Venetian merchant who traveled to Asia in the 13th century."
"What was the Crusades?","The Crusades were medieval religious wars to reclaim the Holy Land."
"Who invented dynamite?","Alfred Nobel invented dynamite in 1867."
"What was the Meiji Restoration?","The Meiji Restoration was Japan's rapid modernization beginning in 1868."
"Who was Isaac Newton?","Isaac Newton was an English physicist who developed laws of motion and gravity."
"What year did the Vietnam War end?","The Vietnam War ended in 1975."
"Who was Michelangelo?","Michelangelo was an Italian Renaissance artist and sculptor."
"What was the Bronze Age?","The Bronze Age was a period when bronze tools and weapons were prevalent."
"Who discovered gravity?","Isaac Newton formulated the theory of gravity."
"What is the largest country in Africa?","Algeria is the largest country in Africa by area."
"What language has the most words?","English has one of the largest vocabularies of any language."
"What is the longest English word?","Pneumonoultramicroscopicsilicovolcanoconiosis is the longest English word in major dictionaries."
"What is the most translated book?","The Bible is the most translated book in history."
"What is the shortest war in history?","The Anglo-Zanzibar War lasted only 38 to 45 minutes."
"What country has the most time zones?","France has the most time zones due to its overseas territories."
"What is the busiest airport in the world?","Hartsfield-Jackson Atlanta International is the busiest airport."
"What is the longest bridge in the world?","The Danyang-Kunshan Grand Bridge in China is the longest bridge."
"What country has the most islands?","Sweden has the most islands with over 267,000."
"What is the tallest building in the world?","The Burj Khalifa in Dubai is the tallest building."
"What is the oldest country in the world?","San Marino claims to be the oldest country founded in 301 CE."
"What is the most expensive city to live in?","Singapore and Zurich are among the most expensive cities."
"What country produces the most coffee?","Brazil produces the most coffee in the world."
"What is the deepest metro station?","Arsenalna in Kyiv is the deepest metro station in the world."
"What is the longest highway in the world?","The Pan-American Highway is the longest highway system."
"What country has the most volcanoes?","Indonesia has the most volcanoes of any country."
"What is the largest stadium in the world?","Rungrado 1st of May Stadium in North Korea is the largest."
"What is the oldest hotel in the world?","Nishiyama Onsen Keiunkan in Japan is the oldest hotel."
"What country consumes the most chocolate?","Switzerland consumes the most chocolate per capita."
"What is the windiest place on Earth?","Commonwealth Bay in Antarctica is the windiest place."
"What is the busiest port in the world?","Shanghai is the busiest port in the world."
"What country has the longest coastline?","Canada has the longest coastline of any country."
"What is the largest library in the world?","The Library of Congress is the largest library."
"What is the smallest independent country by population?","Vatican City has the smallest population."
"What country has the most pyramids?","Sudan has more pyramids than Egypt."
"What is the hottest temperature ever recorded?","The hottest recorded temperature was 56.7 degrees Celsius in Death Valley."
"What is the coldest temperature ever recorded?","The coldest recorded temperature was minus 89.2 degrees Celsius in Antarctica."
"What country exports the most rice?","India is the world's largest exporter of rice."
"What is the longest river in Europe?","The Volga is the longest river in Europe."
"What country has the most UNESCO sites?","Italy has the most UNESCO World Heritage Sites."
"What is the largest lake in Africa?","Lake Victoria is the largest lake in Africa."
"What is the smallest continent?","Australia is the smallest continent."
"What ocean is the saltiest?","The Atlantic Ocean is the saltiest ocean."
"What is the longest mountain range on land?","The Andes is the longest mountain range on land."
"What country has the most neighbors?","China and Russia tie with the most bordering countries."
"What is the driest continent?","Antarctica is the driest continent."
"What is the flattest country?","The Maldives is the flattest country."
"What is the largest gulf in the world?","The Gulf of Mexico is the largest gulf."
"What river flows through the most countries?","The Danube flows through ten countries."
"What is the highest capital city?","La Paz in Bolivia is the highest capital city."
"What is the largest peninsula in the world?","The Arabian Peninsula is the largest peninsula."
"What is the shortest river in the world?","The Roe River in Montana is one of the shortest rivers."
"What country has the largest forest?","Russia has the largest forest area."
"What is the most remote inhabited island?","Tristan da Cunha is the most remote inhabited island."
"What is the world's largest salt flat?","Salar de Uyuni in Bolivia is the world's largest salt flat."
"What is the largest cave in the world?","Son Doong Cave in Vietnam is the largest cave."
"What percentage of freshwater is in glaciers?","Approximately 69% of freshwater is stored in glaciers."
"What country has the most lakes?","Canada has the most lakes of any country."
"What is the steepest street in the world?","Baldwin Street in New Zealand is one of the steepest streets."
"What is the longest fence in the world?","The Dingo Fence in Australia is the longest fence."
"What color does a chameleon turn when angry?","Chameleons often turn dark colors when angry or stressed."
"What fruit floats in water?","Apples float in water because they are less dense."
"What is the only food that never spoils?","Honey is the only food that never spoils."
"What common household item kills the most germs?","Soap is highly effective at killing germs."
"What metal is liquid at room temperature?","Mercury is liquid at room temperature."
"What is the only letter not in any US state name?","The letter Q is not in any US state name."
"What is the most stolen food in the world?","Cheese is the most stolen food in the world."
"What is the fear of long words called?","Hippopotomonstrosesquippedaliophobia is ironically the fear of long words."
"What is the dot over the letter i called?","The dot over the letter i is called a tittle."
"What is a group of flamingos called?","A group of flamingos is called a flamboyance."
"What is the only number spelled with letters in alphabetical order?","Forty is the only number with letters in alphabetical order."
"What is the plastic tip of a shoelace called?","The plastic tip of a shoelace is called an aglet."
"What is the space between your eyebrows called?","The space between your eyebrows is called the glabella."
"What is a baby puffin called?","A baby puffin is called a puffling."
"What is the fear of buttons called?","The fear of buttons is called koumpounophobia."
"What color is a polar bear's skin?","A polar bear's skin is actually black."
"What is the only vegetable never sold frozen?","Lettuce is rarely sold frozen commercially."
"What percentage of people are left-handed?","Approximately 10% of people are left-handed."
"What is a group of owls called?","A group of owls is called a parliament."
"What fruit has its seeds on the outside?","Strawberries have their seeds on the outside."
"What is the longest hiccuping spree on record?","Charles Osborne hiccuped for 68 years continuously."
"What animal cannot stick out its tongue?","Crocodiles cannot stick out their tongues."
"What is the only planet that rotates clockwise?","Venus is the only planet that rotates clockwise."
"What is the tallest type of grass?","Bamboo is technically the tallest type of grass."
"What country invented ice cream?","Ice cream was likely invented in ancient China."
"What is the national animal of Scotland?","The unicorn is the national animal of Scotland."
"What is the most common letter in English?","The letter E is the most common letter in English."
"What is a baby goat called?","A baby goat is called a kid."
"What animal has rectangular pupils?","Goats have rectangular pupils."
"What is the only US state with one syllable?","Maine is the only US state name with one syllable."
"What is a group of crows called?","A group of crows is called a murder."
"What does the word karaoke mean?","Karaoke means empty orchestra in Japanese."
"What is the national sport of Japan?","Sumo wrestling is the national sport of Japan."
"What is the world's oldest sport?","Wrestling is considered one of the oldest sports."
"What animal produces cashmere?","Cashmere goats produce cashmere wool."
"What is the softest mineral?","Talc is the softest mineral on the Mohs scale."
"What is the heaviest organ in the human body?","The liver is the heaviest internal organ."
"What blood type is called the universal donor?","O negative is the universal donor blood type."
"What is the rarest natural hair color?","Red hair is the rarest natural hair color."
"What animal has the shortest pregnancy?","The opossum has a pregnancy of only 12 to 13 days."
"What is the world's most popular fruit?","The tomato is technically the most produced fruit."
"What is the largest flower in the world?","The Rafflesia is the largest flower in the world."
"What tree produces acorns?","Oak trees produce acorns."
"What is the most common bird in the world?","The domestic chicken is the most common bird."
"What is the smallest country in South America?","Suriname is the smallest country in South America."
"What is the official language of Brazil?","Portuguese is the official language of Brazil."
"What metal is the best conductor of electricity?","Silver is the best conductor of electricity."
"What is the longest bone in the arm?","The humerus is the longest bone in the arm."
"What is the main component of glass?","Silica or sand is the main component of glass."
"What element makes up most of the sun?","Hydrogen makes up about 73% of the sun's mass."
"What is the most recycled material?","Aluminum is one of the most recycled materials."
"What gas makes soda fizzy?","Carbon dioxide makes soda fizzy."
"What is the largest internal organ?","The liver is the largest internal organ."
"What is the world's most spoken second language?","English is the most commonly learned second language."
"What vitamin is produced when skin is exposed to sunlight?","Vitamin D is produced when skin is exposed to sunlight."
"What is the longest running TV show?","The Simpsons is the longest running animated series."
"What instrument has 88 keys?","A standard piano has 88 keys."
"What is the world's best-selling book of all time?","The Bible is the best-selling book of all time."
"What color jersey does the Tour de France leader wear?","The Tour de France leader wears a yellow jersey."
"What is the main ingredient in tofu?","Soybeans are the main ingredient in tofu."
"What nut is used to make marzipan?","Almonds are used to make marzipan."
"What is the world's largest spider by leg span?","The giant huntsman spider has the largest leg span."
"What gemstone is the birthstone for September?","Sapphire is the birthstone for September."
"What is the chemical symbol for sodium?","The chemical symbol for sodium is Na."
"What is the world's largest rodent?","The capybara is the world's largest rodent."
"What country invented pizza?","Italy invented modern pizza."
"What is the currency of Switzerland?","The Swiss franc is the currency of Switzerland."
"What language is spoken in Austria?","German is the official language of Austria."
"What is the world's smallest mammal by weight?","The Etruscan shrew is the smallest mammal by weight."
"What is the chemical symbol for lead?","The chemical symbol for lead is Pb."
"What fruit is known as the king of fruits?","Durian is known as the king of fruits."
"What animal is the symbol of the World Wildlife Fund?","The giant panda is the symbol of WWF."
"What is the world's hottest pepper?","The Carolina Reaper is one of the world's hottest peppers."
"What is the national flower of Japan?","The cherry blossom is the national flower of Japan."
"What bird is the symbol of peace?","The dove is the symbol of peace."
"What is the largest moon in our solar system?","Ganymede is the largest moon in our solar system."
"What is the chemical formula for table salt?","The chemical formula for table salt is NaCl."
"What country is home to the kangaroo?","Australia is home to the kangaroo."
"What is the world's oldest democracy?","Iceland's Althing is considered the oldest parliament."
"What sea creature has three hearts?","Octopuses have three hearts."
"What is the largest type of deer?","The moose is the largest species of deer."
"What planet is known as the morning star?","Venus is known as the morning star."
"What is the currency of Japan?","The yen is the currency of Japan."
"What animal has the longest migration?","The Arctic tern has the longest migration."
"What is the world's largest flower bloom?","The corpse flower has the largest unbranched flower structure."
"What is the most common gas in Earth's atmosphere?","Nitrogen makes up about 78% of Earth's atmosphere."
"What is the world's oldest written language?","Sumerian is considered one of the oldest written languages."
"What is the chemical symbol for potassium?","The chemical symbol for potassium is K."
"What is the national bird of the United States?","The bald eagle is the national bird of the United States."
"What fruit gives Florida its nickname?","The orange gives Florida its nickname as the Sunshine State."
"What is the smallest prime number?","Two is the smallest prime number."
"What is the largest species of bear?","The polar bear is one of the largest species of bear."
"What is the main language spoken in Argentina?","Spanish is the main language spoken in Argentina."
"What animal is known as man's best friend?","The dog is known as man's best friend."
"What is the chemical symbol for copper?","The chemical symbol for copper is Cu."
"What is the world's largest bay?","The Bay of Bengal is the world's largest bay."
"What country invented fireworks?","China invented fireworks."
"What is the world's most venomous jellyfish?","The box jellyfish is the most venomous jellyfish."
"What is the world's longest snake?","The reticulated python is the world's longest snake."
"What is the national dish of Spain?","Paella is considered the national dish of Spain."
"What is the chemical formula for glucose?","The chemical formula for glucose is C6H12O6."
"What animal can sleep while standing up?","Horses can sleep while standing up."
"What is the world's fastest growing economy?","Various developing nations compete for fastest growing economy status."
"What is the most abundant mineral in the human body?","Calcium is the most abundant mineral in the human body."
"What is the world's largest amphitheater?","The Colosseum in Rome is the largest ancient amphitheater."
"What language has the most letters?","Khmer has one of the largest alphabets with 74 letters."
"What is the capital of New Zealand?","Wellington is the capital of New Zealand."
"What is the world's oldest musical composition?","The Hurrian Hymn is the oldest known musical composition."
"What is the chemical symbol for silver?","The chemical symbol for silver is Ag."
"What is the world's longest word without vowels?","Rhythms is the longest common English word without standard vowels."
"What animal has the longest lifespan?","The ocean quahog clam can live over 500 years."
"What is the world's smallest flowering plant?","Wolffia is the world's smallest flowering plant."
"What is the deepest point in the Atlantic Ocean?","The Puerto Rico Trench is the deepest point in the Atlantic."
"What is the world's largest castle?","Prague Castle is the largest ancient castle by area."
"What gemstone is the birthstone for April?","Diamond is the birthstone for April."
"What is the chemical symbol for tin?","The chemical symbol for tin is Sn."
"What is the world's largest desert animal?","The camel is one of the largest desert animals."
"What country has the largest oil reserves?","Venezuela has the largest proven oil reserves."
"What is the world's oldest tree species?","The ginkgo tree is one of the oldest tree species."
"What is the largest landlocked country?","Kazakhstan is the largest landlocked country."
"What instrument did Louis Armstrong play?","Louis Armstrong played the trumpet."
"What is the world's longest English palindrome?","Tattarrattat is one of the longest English palindromes."
"What is the chemical symbol for mercury?","The chemical symbol for mercury is Hg."
"What animal is the fastest swimmer?","The black marlin is one of the fastest swimming fish."
"What is the world's largest church?","St. Peter's Basilica is the largest church by interior area."
"What is the world's oldest religion still practiced?","Hinduism is one of the oldest religions still practiced."
"What is the chemical symbol for tungsten?","The chemical symbol for tungsten is W."
"What is the world's largest bay by coastline?","Hudson Bay has one of the longest bay coastlines."
"What is the smallest US state by area?","Rhode Island is the smallest US state by area."
"What is the world's largest active volcano?","Mauna Loa is the world's largest active volcano by volume."
"What bird has the longest bill?","The Australian pelican has one of the longest bills."
"What is the chemical symbol for antimony?","The chemical symbol for antimony is Sb."
"What is the world's largest atoll?","The Great Chagos Bank is the world's largest atoll by area."
"What animal has the highest blood pressure?","The giraffe has extremely high blood pressure."
"What is the world's longest canal?","The Grand Canal in China is the world's longest canal."
"What is the chemical formula for ammonia?","The chemical formula for ammonia is NH3."
"What is the world's largest producer of gold?","China is the world's largest producer of gold."
"What country has the most official languages?","Zimbabwe recognizes 16 official languages."
"What is the world's most visited museum?","The Louvre is the world's most visited museum."
"What animal produces the finest wool?","Vicuñas produce some of the finest wool."
"What is the smallest country in Asia?","The Maldives is the smallest country in Asia."
"What is the world's largest freshwater island?","Manitoulin Island is the world's largest freshwater island."
"What is the chemical formula for carbon dioxide?","The chemical formula for carbon dioxide is CO2."
"What is the world's oldest university in continuous operation?","The University of Bologna is the oldest in continuous operation."
"What is the world's longest river?","The Nile is traditionally considered the longest river."
"What is the capital of Morocco?","Rabat is the capital of Morocco."
"What is the world's largest inland body of water?","The Caspian Sea is the largest inland body of water."
"What is the chemical symbol for phosphorus?","The chemical symbol for phosphorus is P."
"What is the world's most traded commodity?","Crude oil is the world's most traded commodity."
"What is the world's deepest river?","The Congo River is the deepest river in the world."
"What is the capital of Nigeria?","Abuja is the capital of Nigeria."
"What is the world's largest man-made structure?","The Great Wall of China is the largest man-made structure."
"What is the chemical formula for methane?","The chemical formula for methane is CH4."
"What is the world's oldest continuously inhabited city?","Damascus is one of the oldest continuously inhabited cities."
"What is the capital of Kenya?","Nairobi is the capital of Kenya."
"What is the world's largest producer of tea?","China is the world's largest producer of tea."
"What is the chemical symbol for aluminum?","The chemical symbol for aluminum is Al."
"What is the world's largest hot desert?","The Sahara is the world's largest hot desert."
"What is the capital of Ethiopia?","Addis Ababa is the capital of Ethiopia."
"What is the world's most expensive diamond ever sold?","The Pink Star diamond sold for over 71 million dollars."
"What is the capital of Bangladesh?","Dhaka is the capital of Bangladesh."
"What is the world's oldest newspaper still in publication?","The Wiener Zeitung is one of the oldest newspapers still published."
"What is the chemical symbol for calcium?","The chemical symbol for calcium is Ca."
"What is the world's largest flower by diameter?","The Rafflesia arnoldii has the largest flower by diameter."
"How long has the Great Wall been standing?","The Great Wall has been standing for over two thousand years."
"How long had Rome been expanding before it fell?","Rome had been expanding for nearly five hundred years before it fell."
"By what means were the pyramids constructed?","The pyramids were constructed using limestone blocks and copper tools."
"How many languages are currently being spoken worldwide?","Approximately seven thousand languages are currently being spoken worldwide."
"When was the Colosseum completed?","The Colosseum was completed in 80 CE."
"How long have humans been using fire?","Humans have been using fire for approximately one million years."
"By whom was the telephone invented?","The telephone was invented by Alexander Graham Bell."
"How many satellites are currently orbiting Earth?","Over eight thousand satellites are currently orbiting Earth."
"When did the last ice age end?","The last ice age ended approximately twelve thousand years ago."
"How long has English been spoken?","English has been spoken for approximately 1,400 years."
"By whom was penicillin discovered?","Penicillin was discovered by Alexander Fleming in 1928."
"How long had the Roman Empire existed before splitting?","The Roman Empire had existed for over four centuries before splitting."
"How many species are being discovered each year?","Approximately 18,000 new species are being discovered each year."
"When was the printing press first used?","The printing press was first used in 1440."
"How long have dogs been domesticated?","Dogs have been domesticated for approximately 15,000 years."
"By what method was the Eiffel Tower constructed?","The Eiffel Tower was constructed using wrought iron lattice."
"How many languages have been lost throughout history?","Thousands of languages have been lost throughout history."
"When did the last mammoths die?","The last mammoths died approximately 4,000 years ago."
"How long has tea been consumed?","Tea has been consumed for over 5,000 years."
"By whom was radium discovered?","Radium was discovered by Marie and Pierre Curie."
"How many people are currently living on Earth?","Over eight billion people are currently living on Earth."
"When was the first photograph taken?","The first photograph was taken in 1826."
"How long had the dinosaurs existed before going extinct?","Dinosaurs had existed for approximately 165 million years before going extinct."
"By what means was the Panama Canal built?","The Panama Canal was built using locks and excavation."
"How many books are being published each year?","Approximately 2.2 million books are being published each year."
"When was electricity first harnessed?","Electricity was first harnessed in the late 1800s."
"How long have cats been domesticated?","Cats have been domesticated for approximately 10,000 years."
"By whom was the polio vaccine developed?","The polio vaccine was developed by Jonas Salk."
"How many emails are being sent daily?","Over 300 billion emails are being sent daily worldwide."
"When did humans first reach Antarctica?","Humans first reached Antarctica in 1820."
"How long has wheat been cultivated?","Wheat has been cultivated for approximately 10,000 years."
"By what process is paper made?","Paper is made by pressing together moist cellulose fibers."
"How many stars are contained in the Milky Way?","Approximately 200 billion stars are contained in the Milky Way."
"When was the first vaccine administered?","The first vaccine was administered in 1796."
"How long had Pompeii been buried before being discovered?","Pompeii had been buried for nearly 1,700 years before being discovered."
"By whom was the X-ray discovered?","The X-ray was discovered by Wilhelm Röntgen in 1895."
"How many flights are being operated daily worldwide?","Over 100,000 flights are being operated daily worldwide."
"When was gunpowder first invented?","Gunpowder was first invented in 9th century China."
"How long have horses been domesticated?","Horses have been domesticated for approximately 6,000 years."
"By what method were the pyramids aligned?","The pyramids were aligned using astronomical observations."
"How many trees are currently growing on Earth?","Approximately three trillion trees are currently growing on Earth."
"When were the first cities established?","The first cities were established around 4000 BCE."
"How long has wine been produced?","Wine has been produced for approximately 8,000 years."
"By whom was insulin discovered?","Insulin was discovered by Frederick Banting and Charles Best."
"How many websites are currently active?","Over 1.5 billion websites are currently active on the internet."
"When was the first antibiotic used?","The first antibiotic was used in 1942."
"How long had the Byzantine Empire lasted?","The Byzantine Empire had lasted for over 1,000 years."
"By what means were medieval castles defended?","Medieval castles were defended using moats and thick walls."
"How many songs are being streamed daily?","Billions of songs are being streamed daily on music platforms."
"When was the microscope invented?","The microscope was invented in the late 1500s."
"How long have olives been cultivated?","Olives have been cultivated for approximately 7,000 years."
"By whom was the steam engine improved?","The steam engine was improved by James Watt."
"How many species of fish are known to exist?","Over 34,000 species of fish are known to exist."
"When was writing first developed?","Writing was first developed around 3400 BCE."
"How long has silk been produced?","Silk has been produced for approximately 5,000 years."
"By what process is chocolate made?","Chocolate is made by fermenting and roasting cacao beans."
"How many acres of forest are being lost annually?","Approximately 10 million hectares of forest are being lost annually."
"When was the first computer built?","The first electronic computer was built in 1945."
"How long had the Ming Dynasty ruled China?","The Ming Dynasty had ruled China for 276 years."
"By whom was the law of gravity formulated?","The law of gravity was formulated by Isaac Newton."
