You are a helpful assistant.|||What is the capital of France?|||The capital of France is Paris. It's located in the north-central part of the country and is known as the City of Light.
You are a friendly coding tutor.|||How do I reverse a string in Python?|||You can reverse a string in Python using slicing with a negative step. Here's the simplest way: `reversed_string = my_string[::-1]`. For example, `"hello"[::-1]` returns `"olleh"`. You can also use the `reversed()` function or a loop if you prefer a more explicit approach.|||I like the slicing method, very elegant!|||Yes, Python slicing is very Pythonic and efficient. It's concise and performs well for most use cases.
You are an expert fitness coach.|||I want to build muscle but I'm limited on time. What's the most efficient workout routine?|||For time-limited muscle building, I recommend a 3-day full-body routine with compound lifts. Focus on: Squats, Bench Press, Rows, and Deadlifts. Each session should take 45-60 minutes. Prioritize progressive overload—gradually increase weight or reps each week.|||Should I do cardio too?|||Yes, but keep it minimal. Add 15-20 minutes of light cardio after lifting or on off-days. Too much cardio can interfere with muscle gain. Focus 80% on lifting and 20% on cardio.|||What about nutrition?|||Eat in a slight caloric surplus, aim for 0.8-1g protein per pound of bodyweight daily, and include carbs and healthy fats. Track your intake for 2-3 weeks to dial it in.
You are a creative writing assistant.|||Can you help me write an opening line for a mystery novel?|||Of course! Here are a few options: "The letter arrived on a Tuesday, but it was postmarked three years ago." Or: "She had two choices: open the door, or disappear forever." Which tone interests you—dark and suspenseful, or psychological?|||I like the second one, but make it more unsettling.|||Try this: "She had two choices: open the door and face what waited inside, or disappear forever—though disappearing had never really been an option."
You are a customer service representative.|||I've been waiting for my order for 2 weeks and it still hasn't arrived.|||I sincerely apologize for the delay. I'd be happy to help you track down your package. Could you provide your order number so I can investigate?|||Sure, it's ORD-2024-567890.|||Thank you. I see your order was dispatched 5 days ago. It's currently in transit and should arrive within 3-5 business days. If it doesn't arrive by next Friday, please contact us immediately and we'll issue a replacement or refund.|||That's frustrating but okay. What can I do to prevent this in the future?|||We recommend selecting our Priority Shipping option at checkout for guaranteed 2-day delivery. Also, you'll receive SMS and email notifications at each shipment milestone, so you'll always know where your package is.
You are a language learning expert.|||I want to learn Spanish but don't know where to start.|||Start with these fundamentals: Basic greetings, numbers 1-20, and essential phrases like "Where's the bathroom?" Learn 50-100 common words first. Practice pronunciation daily for 15 minutes. Use apps like Duolingo or Anki for spaced repetition.|||How long until I can have conversations?|||With consistent daily practice (30-45 minutes), you could handle basic conversations in 3-4 months. Real fluency typically takes 1-2 years of immersion or intensive study.|||Should I travel to a Spanish-speaking country?|||Absolutely! Immersion accelerates learning dramatically. Even a 2-week trip forces you to practice daily and builds confidence. After reaching an intermediate level (3-6 months study), travel becomes even more valuable.
You are a data analyst assistant.|||I need to understand why our Q4 sales dropped 15%.|||To identify the cause, let's examine: 1) Product performance by category—which items underperformed? 2) Customer segments—did certain demographics buy less? 3) Marketing reach—did ad spend or impressions decrease? 4) Competitive factors—did competitors launch? 5) Seasonal patterns—is this normal for Q4? What data do you have access to?|||We have sales by product category and customer acquisition data.|||Perfect. Start by comparing Q4 product sales to Q3 and Q4 from last year. Look for categories with unusual dips. Then check if customer acquisition dropped, stayed flat, or if existing customers bought less. Can you run those analyses?|||Done. New customer acquisition dropped 30% but existing customers maintained spending. Product mix looks normal.|||That's the issue—your customer acquisition funnel broke. The sales drop is entirely from fewer new customers. Investigate: Did marketing budget decrease? Did campaign performance change? Are competitors stealing leads? Focus your energy there.
You are a design feedback expert.|||I've designed a landing page and want constructive feedback.|||I'd love to help! Could you describe the page or share a screenshot? Let me know: What's the main goal (conversion, awareness, signups)? Who's your target audience? What's the current design approach?|||Goal is signups for a productivity app. Target is busy professionals. Design is minimalist with blue and white, large CTA button.|||Great foundation. Minimalist is perfect for busy people. A few questions: Is the value proposition clear within 3 seconds? Does the CTA button use contrasting color (blue may blend)? Do you have social proof—testimonials or numbers? Is there mobile optimization? These elements drive signup conversion significantly.
You are a relationship advice counselor.|||My partner and I have been arguing a lot lately about finances. How do we resolve this?|||Financial stress is common. The key is separating the money issue from relationship frustration. Start by: 1) Having the conversation when calm, not during conflict. 2) Listen without judgment. 3) Focus on shared goals, not blame. What specifically are you disagreeing about—spending, saving, debt?|||They spend too much on personal items while we're saving for a house.|||That's a common tension. Instead of "you spend too much," try: "I want to buy a house. I'm concerned our current spending pace delays that goal. How do we align on this?" This shifts from blame to collaboration. Consider setting a household budget together where both of you have discretionary funds guilt-free. This feels fair to both parties.|||That's really helpful. Should we see a financial advisor together?|||Absolutely. A third party helps. They can present objective facts about saving timelines, creating joint budgets, and balancing goals. This removes emotion and focuses on concrete steps. I'd recommend it—many couples find it transformative.
You are a technical support specialist.|||My laptop keeps freezing randomly. What should I do?|||Let's troubleshoot systematically. First questions: 1) When did this start? 2) Does it happen with specific apps or always? 3) How much free disk space do you have? 4) Have you checked your CPU and RAM usage during freezes? This will help us identify if it's a resource issue, software conflict, or hardware problem.|||It started last week. It happens randomly, no pattern. I have 50GB free space. I haven't checked resource usage.|||Let's check resource usage—that's crucial. Open Task Manager (Windows) or Activity Monitor (Mac) and watch CPU and RAM while the laptop is running normally and during a freeze. If usage hits 95%+, we have a resource bottleneck. Report back what you see and we'll narrow down the culprit.|||CPU hit 98% and RAM was at 90% during the freeze. A program called "SearchIndexer" was maxing out CPU.|||Found it! SearchIndexer is Windows' indexing service—it's usually harmless but can go haywire. Try: 1) Restart your computer first. 2) If it persists, disable indexing: Open Services, find Windows Search, right-click Disable. 3) Monitor for the next 24 hours. Let me know if it improves.
You are an academic writing coach.|||I'm struggling to start my thesis introduction. Any tips?|||Starting is the hardest part! Try this structure: 1) Hook with a compelling question or statistic. 2) Provide context—what's the broader field? 3) Identify the gap your research fills. 4) State your thesis clearly. Don't write for perfection—draft messy, then edit. What's your thesis topic?|||The impact of social media on Gen Z mental health.|||Excellent topic. Your hook could be: "By age 18, the average Gen Z has spent 5+ years on social media—what has this cost their mental health?" Then provide context about rising depression/anxiety rates. Identify your specific angle: Are you studying causation, coping mechanisms, or solutions? That becomes your research gap. Your thesis then fills that gap clearly.
You are an expert software architect.|||We're refactoring a legacy monolith with 500K lines of Python code. The codebase has tightly coupled modules, inconsistent patterns, and minimal tests. How do we approach this systematically without breaking production?|||That's a significant undertaking. Here's my recommended phased approach: Phase 1: Establish observability and tests—add monitoring and write integration tests around critical paths without modifying code. This gives you a safety net. Phase 2: Extract domains—identify bounded contexts (billing, authentication, reporting) and plan to extract as services gradually. Phase 3: Dependency breaking—use techniques like Strangler Fig pattern to incrementally replace old code. Phase 4: API boundaries—define clear interfaces before decoupling. What's your current deployment frequency and test coverage?|||We deploy monthly with about 25% test coverage. We have one senior dev who understands the system but limited documentation.|||Monthly deployments make this riskier. I'd recommend: 1) Increase deployment frequency to weekly or bi-weekly first—smaller changes reduce blast radius. 2) That senior dev becomes your domain expert—pair them with junior devs to transfer knowledge. 3) Prioritize documenting the critical paths and business logic first. 4) Start with the most problematic module for refactoring rather than top-down. Pick a bounded context causing the most maintenance pain. 5) Implement proper CI/CD with automated testing gates. This foundation prevents regressions.|||What's the timeline you'd recommend?|||For a codebase this size, realistic timeline is 18-24 months for meaningful refactoring. Don't rush it. Year 1: stabilize, improve testing, document, and extract 2-3 services. Year 2: mature extracted services, solidify patterns, and handle remaining technical debt. Set quarterly milestones with measurable outcomes—deployment frequency, test coverage percentage, incident reduction. Celebrate small wins to keep morale high during the long journey.
You are an expert machine learning engineer.|||I've built a classification model that achieves 92% accuracy on my test set, but it performs poorly in production. Why might this be happening and how do I debug it?|||Classic train-test gap issue. Several common causes: 1) Data distribution shift—production data differs from training data. 2) Label leakage—your training process used features that aren't available at inference time. 3) Preprocessing mismatch—training pipeline differs from production inference. 4) Class imbalance—high accuracy masks poor minority class performance. 5) Temporal dynamics—if data is time-series, older training data may not reflect current patterns. Let's diagnose: Can you check what your confusion matrix looks like? Are certain classes failing more than others? What's the actual production performance metric?|||The confusion matrix shows we're predicting the positive class 98% of the time even though the dataset is balanced. In production, we're seeing precision of 0.45 but recall of 0.92. Very high false positives.|||That confirms it—your model learned a shortcut that works in testing but not production. The high accuracy comes from memorizing that "mostly predict positive." This often happens when: 1) Your validation set was small or non-representative. 2) Threshold calibration is off—you might have a default 0.5 threshold that's too low. 3) Training data has systematic differences from production. Start here: Run your test set through with different decision thresholds and plot precision-recall curves. What threshold gives you 0.75 precision and 0.75 recall simultaneously? Then I suspect you need to retrain with stratified cross-validation and set your production threshold accordingly.|||I checked—at 0.65 threshold we get 0.78 precision and 0.68 recall which seems more balanced. But why is this different on test data?|||Because your test set is likely from the same distribution as training. Production data is different. Deploy the 0.65 threshold immediately—that's your short-term fix. Long-term: Collect production data and use it to create a true holdout evaluation set. Retrain your model with production-representative data split using stratified k-fold. Implement monitoring that tracks precision, recall, and threshold performance metrics continuously in production. This catches future drift early.
You are a product strategy consultant.|||We're building a SaaS platform for freelance designers but the market is crowded. How do we position ourselves to win and what should our go-to-market strategy be?|||Crowded markets aren't bad—they validate demand. Winning requires differentiation and focus. First, clarify: Who specifically is your target customer? What's their #1 pain point? Are you going after students, indie designers, small agencies, or enterprises? Let's nail specificity before strategy.|||We're targeting mid-market design agencies (5-20 person teams) in North America. Their main pain is project management—too many tools, poor collaboration between designers and clients.|||Excellent specificity. This is your wedge. Your positioning should be: "The unified workspace where design creation and client collaboration happen seamlessly." Differentiation: You're not a design tool (Figma owns that), you're not generic project management (Monday.com exists). You're the *glue layer* between designers' work and client feedback loops. Go-to-market: 1) Start with cold outreach to agency owners—this is a bottom-up sales motion. 2) Create educational content: webinars on "Reducing client feedback cycles" and "Improving designer utilization rates." 3) Partner with complementary tools (Figma, Slack, Notion). 4) Build case studies with 3-5 beta customers showing time saved and revenue impact. What's your pricing model?|||We were thinking per-user per-month.|||I'd pivot. Per-user doesn't align with agency pain points—they care about project throughput, not user count. Try: $500-2000/month per agency based on project volume or team size. This feels like value pricing—they see ROI immediately. Start at $500 for 5-person teams. Your first 10 customers should be willing to pay premium rates because they're solving a real workflow problem. Use those case studies to raise prices as you scale.
You are a medical research advisor.|||Our team conducted a randomized controlled trial on a new diabetes medication. The results show statistical significance (p=0.04) but the effect size is small (Cohen's d=0.28). How should we interpret and communicate these findings?|||This is a critical nuance that many researchers misunderstand. Statistical significance ≠ clinical significance. Your p=0.04 is barely significant and vulnerable to multiple comparison problems. Cohen's d=0.28 is small-to-medium. Here's the real picture: Your results show a real effect exists, but patients would barely notice it. Before publishing, answer: 1) What's the minimally clinically important difference (MCID) for this outcome? How does your effect size compare? 2) Did you preregister the study? 3) Have you checked for multiple comparisons corrections? 4) What's the confidence interval around your effect size? Wide CIs suggest imprecision.|||We did preregister and the 95% CI is [0.08, 0.48]—fairly wide. The MCID for this marker is 0.50, so we fall short. We did multiple comparisons correction which maintained significance.|||Good news on the rigor. But here's the honest communication: Your study shows statistical evidence of benefit, but it doesn't meet clinical significance thresholds. The wide confidence interval (0.08-0.48) suggests your true effect could range from negligible to moderate. For a published paper, I'd frame it: "We demonstrate statistical evidence of efficacy, but larger effect sizes observed in preclinical studies were not replicated. Further investigation is warranted to determine if this effect has clinical utility." This is more credible than claiming victory. For FDA discussions or patient communication, be clear: "The medication shows statistically significant but clinically modest improvements." Don't oversell the finding. Propose your next study hypothesis based on these results—what would you change to achieve MCID-level effects?
You are an expert DevOps engineer.|||Our microservices infrastructure is experiencing cascading failures. When one service goes down, it takes out dependent services and causes site-wide outages. We use Docker and Kubernetes but incidents are becoming more frequent. How do we architect for resilience?|||Cascading failures mean your system lacks proper fault isolation and graceful degradation. This is solvable but requires architectural changes. Let me diagnose first: 1) Are you implementing circuit breakers on inter-service calls? 2) Do you have timeout policies? 3) What's your retry logic? 4) Do critical services have fallback responses? 5) How's your observability—can you pinpoint failure origins in real-time?|||We don't have circuit breakers implemented. Timeouts are inconsistent. We have basic logging but no distributed tracing. One service failing usually means waiting for it to recover before dependent services resume.|||This explains the cascading failures. Here's your remediation roadmap: Phase 1 (Week 1-2): Implement distributed tracing with Jaeger or similar—add correlation IDs across service boundaries so you can see failure propagation instantly. Phase 2 (Week 2-4): Add circuit breakers everywhere using Istio service mesh or libraries like Resilience4j. Circuit breaker pattern means: service A can't call service B indefinitely if B is failing—it fails fast and returns a degraded response. Phase 3 (Week 3-6): Standardize timeout policies: set aggressive timeouts (500ms-2s) depending on criticality. Implement exponential backoff + jitter for retries. Phase 4 (Ongoing): Design fallback strategies per service—what's the minimum viable response if a dependency fails? Cache old data, return empty results, use defaults. For the monorepo, I'd also recommend: Chaos engineering—regularly inject failures to test resilience. Run monthly "break service X" tests.|||What about Kubernetes-level improvements?|||At the K8s level: 1) Configure resource requests/limits properly so services don't starve each other. 2) Implement Pod Disruption Budgets so rolling updates don't bring down all replicas simultaneously. 3) Add health checks that are nuanced—distinguish between "pod is starting" vs "service is down" so K8s doesn't cascade restarts. 4) Use multi-zone deployments so zone failures don't take everything down. Your cluster should survive single zone failure. 5) Implement network policies to isolate blast radius. Most importantly: your infrastructure can only be as resilient as your service design allows. Fix the application architecture first, then optimize Kubernetes.
You are a technical documentation expert.|||I need to create API documentation for our REST endpoints but I'm not sure what format or structure to use.|||Good question. I recommend structured documentation that combines spec and narrative. Here's a template: ## API Documentation Structure 1. **Overview**: 2-3 sentence description of what the API does, target use cases 2. **Authentication**: How auth works (API keys, OAuth, JWT), include examples 3. **Base URL**: Production and sandbox endpoints 4. **Endpoints**: Each should have: - HTTP method and path (e.g., `GET /api/v1/users/{id}`) - Description of what it does - Parameters table with name, type, required/optional, description - Request body example (JSON formatted) - Response success example with status code - Error responses with codes and descriptions - cURL example 5. **Rate Limiting**: Limits and headers returned 6. **SDKs**: Links to client libraries Use OpenAPI/Swagger format for machine readability. Tools like Swagger UI or ReDoc auto-generate interactive docs from your spec.|||This is helpful. What about versioning strategy?|||Excellent follow-up. Version in the URL path: `/api/v1/` (current best practice) not in headers. Why? 1) Clients can easily target versions 2) Easier debugging when URLs appear in logs 3) Clear in documentation. Maintain backward compatibility for at least 12 months, then sunset old versions. Document deprecation 6 months before removal. When upgrading versions, create a migration guide showing breaking changes and upgrade paths. For example: "## Migrating from v1 to v2: - Endpoint `/users` renamed to `/users/list` - Response field `user_id` renamed to `id` - Authentication changed from API key to OAuth2"
You are a poetry critique expert.|||I wrote this poem and want feedback: "Morning light breaks through the window / The coffee cup sits empty on the desk / I think of you / The silence is loud"|||Your poem captures a tender, introspective moment. The imagery is vivid and the emotional weight lands. Here's my analysis: **Strengths**: The juxtaposition of "silence is loud" is your strongest line—it's paradoxical and evocative, capturing longing beautifully. The progression from concrete (light, coffee) to abstract (thought, silence) creates a nice arc. **Areas for consideration**: The second and third lines feel slightly disconnected. "I think of you" breaks the visual narrative abruptly. Consider: Does it emerge naturally from the coffee cup image? Perhaps: "The coffee grows cold, and I think of you." This bridges the gap. Also, line breaks shape meaning. Your current structure treats each image equally. Try experimenting with staggered line lengths to emphasize certain phrases. Which word do you want readers dwelling on longest?|||I want them dwelling on "you"—the entire poem is about missing someone.|||Perfect. Restructure around that emphasis. Try this version: "Morning light breaks through the window / The coffee cup sits cold on the desk / forgotten / I think of you / The silence is loud / too loud" Notice: 1) "forgotten" gets its own line—visual isolation mirrors emotional abandonment. 2) "you" ends the middle stanza, forcing a pause. 3) Repeating "loud" with "too loud" creates a building emotional intensity. 4) Shorter final lines accelerate the pace, mimicking anxiety. The missing person becomes the gravitational center. Would this approach feel more aligned with your intent?
You are a code review expert.|||I've implemented a new caching layer for our API. Can you review this code? Here it is: ```python\ndef get_user(user_id):\n    cache_key = f"user:{user_id}"\n    cached_user = redis.get(cache_key)\n    if cached_user:\n        return json.loads(cached_user)\n    user_data = db.query(User).filter(id=user_id).first()\n    if user_data:\n        redis.set(cache_key, json.dumps(user_data))\n    return user_data\n```|||Good first attempt, but there are several issues to address before production: **Critical Issues**: 1) **No expiration on cache**: Your cached data lives forever. Users see stale profile data. Add: `redis.set(cache_key, json.dumps(user_data), ex=3600)` for 1-hour expiration. 2) **Missing error handling**: If Redis is down, your entire function fails. Wrap Redis calls in try-except, fall back to DB. 3) **N+1 query risk**: If you call this in a loop, you still hit DB on cache miss. **Code Quality**: 4) **Type hints missing**: Add type hints for maintainability. 5) **Serialization issue**: `json.dumps(user_data)` assumes user_data is dict-like. If it's a SQLAlchemy object, this breaks. Convert explicitly. **Improved version**: ```python\nimport json\nfrom typing import Optional, Dict\n\ndef get_user(user_id: int) -> Optional[Dict]:\n    cache_key = f"user:{user_id}"\n    try:\n        cached_user = redis.get(cache_key)\n        if cached_user:\n            return json.loads(cached_user)\n    except Exception as e:\n        logger.warning(f"Redis error: {e}")\n    \n    user_data = db.query(User).filter(id=user_id).first()\n    if user_data:\n        try:\n            user_dict = user_data.to_dict()  # Convert to dict\n            redis.set(cache_key, json.dumps(user_dict), ex=3600)\n        except Exception as e:\n            logger.warning(f"Cache set failed: {e}")\n    return user_data\n``` Do you have cache invalidation strategy when users update their profile?
You are a compliance consultant.|||We're a fintech startup and need to ensure GDPR compliance. Where should we start?|||GDPR is complex but the framework is clear. Start here: **Phase 1: Audit (Weeks 1-2)**: 1) **Data mapping**: Document all personal data you collect, store, and process. Where is it stored? How long? Who accesses it? 2) **Legal basis identification**: For each data type, what's your legal basis? (Consent, contract, legal obligation, vital interest, public task, legitimate interest?) 3) **Vendor assessment**: Third-party processors—are they GDPR compliant? Do you have Data Processing Agreements (DPAs) with them? **Phase 2: Documentation (Weeks 2-4)**: 4) **Privacy Policy**: Write a clear, plain-language privacy policy explaining what you collect and why. 5) **Data Processing Register**: Internal document showing all processing activities. 6) **Data Protection Impact Assessment (DPIA)**: For high-risk processing (particularly sensitive data, automated decisions). **Phase 3: Technical Implementation (Weeks 3-8)**: 7) **Consent management**: Implement consent forms—not pre-checked, must be explicit. Track consent dates. 8) **Data access controls**: Only necessary personnel can access personal data. Encryption. 9) **Deletion procedures**: Build processes to delete user data upon request. 10) **Breach notification**: Plan to notify authorities within 72 hours if data is breached. **Phase 4: Ongoing**: 11) **DPO appointment**: Depending on your size/risk, consider a Data Protection Officer. 12) **Staff training**: Everyone handling data needs GDPR awareness training. Your biggest risk areas as fintech: payment data, transaction history, identification documents. These get highest scrutiny. What's your user base size and geography?
You are a UI/UX design mentor.|||We're redesigning our mobile app and I'm unsure about navigation patterns. What should we prioritize?|||Navigation is foundational—get it wrong and users can't find features. Let's define your priorities: 1) **User journey mapping**: What are your 3 most common user tasks? Navigation should make those frictionless. 2) **Device constraints**: Mobile has limited screen space. Choose between: - Tab bar (bottom) for 3-5 primary actions - Hamburger menu for secondary actions - Floating action button for primary action. Don't combine all three or users get lost. 3) **Mental model alignment**: How do users *think* about your app? Does your IA match? Test with 5 users: "Find X task." If more than 1 user takes wrong path, redesign. **Recommended pattern for most apps**: Bottom tab bar with 4 tabs (Home, Search, Activity, Profile). Secondary features in hamburger or nested within tab screens. This works because: - Thumbs naturally reach bottom tabs on larger phones - Consistent, predictable - Users learn quickly (low cognitive load) - Doesn't block content (top nav can hide content on scroll). Avoid: nested navigation deeper than 2 levels. If users must tap 4 times to reach a feature, it's wrong. Can you share your app's core features? I can recommend a specific navigation hierarchy.|||We have: Browse listings, Post a listing, Messages, Favorites, and Account settings.|||Perfect. Five features. Here's the structure: **Bottom Tab Bar (5 items)**: [Browse] [Post] [Messages] [Favorites] [Account] This works beautifully for your use case. One note: "Post a listing" might warrant a prominent action. Consider making it a rounded/highlighted button in the tab bar or a large floating action button over the Browse tab. This encourages posting behavior. For Account Settings, nest these inside Account tab: settings, notifications, help, privacy. For Messages, show unread badge on the tab (red dot) to indicate activity. Test this with users and measure: Time to complete each task, tap count, success rate. Iterate based on data.
You are a scientific communicator.|||Can you explain quantum entanglement in a way that makes intuitive sense? I'm not a physicist.|||Great question! Quantum entanglement is genuinely weird, but here's an intuitive model: Imagine you have a pair of magic coins. You give one coin to your friend and send them to another galaxy. Neither coin shows heads or tails until someone looks at it. The weird part: when you flip your coin and it lands on heads, your friend's coin *instantly* lands on tails—no matter how far apart you are. They're correlated perfectly, always opposite. **Why is this strange?** In normal life, if two things are correlated, something connected them in the past. Like: two people wear matching outfits because they planned it beforehand. But with entangled particles, the correlation seems *created at measurement time*, not beforehand. Einstein hated this so much he called it "spooky action at a distance" because it violates his rule that nothing travels faster than light. **Key clarification**: This doesn't let you send faster-than-light messages. When your friend measures, they get random results. The correlation only becomes visible when you compare notes later (which requires normal, slow communication). **The deeper reality**: Quantum mechanics suggests particles don't have definite properties until measured. Entanglement means measuring one particle *instantaneously affects* the other's properties. Whether this is "real" or just how we model randomness is still debated. Does this help demystify it?
You are a startup financial advisor.|||Our startup is pre-revenue and we're about to pitch to VCs. What metrics should we emphasize?|||Great timing. Pre-revenue VCs care less about money, more about growth potential and team. Here's what matters: **Traction** (most important): 1) **User acquisition**: How many users/signups monthly? What's growth rate? If you have 100 users now and grew 20% MoM, that's impressive trajectory. 2) **Engagement**: Of those users, how many are active weekly? If 80% are active, retention is strong. If 10%, engagement is a problem. 3) **Net Promoter Score or satisfaction**: Early users willing to recommend? Testimonials? One raving user beats 100 passive ones. **Market & TAM**: 4) **Total Addressable Market**: How big is the opportunity? Show: "SAM (Serviceable Addressable Market) is $50B. SOM (Serviceable Obtainable Market) is $2M in year 1 if we capture 0.004%." Be realistic—VCs see through inflated numbers. 5) **Competitive differentiation**: Why now? What's your unfair advantage? (Team expertise, technology, unique insight?) **Team**: 6) **Background**: Founder + co-founder backgrounds relevant to the problem? Prior wins? If you solved hard problems before, you'll solve this one. **Red flags to avoid**: - "We'll monetize later" (they won't believe you) - "Our TAM is $1T" (unrealistic) - Inflated user numbers without retention data - No clear go-to-market strategy What's your user count and MoM growth rate currently?
You are a literary analyst.|||I just finished reading "1984" by George Orwell. It was disturbing. Why is this book still relevant today?|||"1984" remains relevant because Orwell diagnosed a *human tendency* not tied to any particular era: the manipulation of language and truth to consolidate power. Let's break why it still resonates: **Core theme**: Orwell shows that power doesn't just control actions—it controls *meaning itself*. The Party's slogan "War is Peace, Freedom is Slavery, Ignorance is Strength" isn't absurd. It's strategic. If you can make citizens believe contradictions, they can't think critically. They accept anything. **Why it's relevant now**: We're seeing real-world parallels: 1) **Erosion of shared truth**: Different groups consume entirely different information ecosystems. There's no shared reality to debate from. 2) **Language manipulation**: Terms get redefined constantly. What's "freedom"? "Security"? Whoever controls definitions controls discourse. 3) **Surveillance normalization**: We voluntarily carry tracking devices and accept data collection for convenience. Orwell imagined forced surveillance; we adopted it willingly. 4) **Information overload**: The novel's "prole culture" (trashy entertainment, sports obsession) parallels modern social media—people distracted, disengaged from politics. **What separates us from 1984**: The book works because it's *totalitarian*—one unchecked power source. Reality is messier. We have competing power centers. But that fragmentation is its own problem—no unified truth, just competing narratives. **Most chilling line**: "Freedom is the freedom to say that two plus two make four. If that is granted, all else follows." Orwell's point: if we lose the ability to say objective facts, totalitarianism wins without needing tanks. That threat is *real* today in ways it wasn't in 1949 when he wrote it.
You are an accessibility consultant.|||Our website fails WCAG 2.1 compliance checks. Where do we start fixing it?|||WCAG failures are fixable. Let's prioritize by impact: **Quick wins (Days 1-3)**: 1) **Color contrast**: Text must have 4.5:1 contrast ratio with background (7:1 for AAA). Use WebAIM contrast checker. This fixes ~30% of failures instantly. 2) **Alt text on images**: Every image needs descriptive alt text. Not "image123.jpg" but "woman hiking on mountain trail at sunset." 3) **Form labels**: Ensure every form input has a labeled `<label>` element, not just placeholder text. **Medium effort (Week 1)**: 4) **Keyboard navigation**: All interactive elements must be reachable via Tab key. No keyboard traps. Test: disable mouse, navigate entire site with keyboard only. 5) **Heading structure**: Use H1, H2, H3 in order, not for styling. Screen readers rely on this hierarchy. 6) **Video captions**: All videos need captions. Auto-generated captions often fail—use human review. **Structural (Weeks 2-4)**: 7) **Semantic HTML**: Use `<button>` for buttons (not styled `<div>`), `<nav>` for navigation, `<main>` for content. This helps assistive tech understand structure. 8) **ARIA landmarks**: Add ARIA roles: `role="navigation"`, `role="main"`, `role="search"` to help screen reader users orient. 9) **Dynamic content**: If content updates without page reload, announce it. Use `aria-live="polite"` so screen readers announce changes. **Testing**: Use WAVE browser extension (first pass), axe DevTools (comprehensive), then manual testing with actual screen reader (NVDA is free). A11y is ongoing—build it in, don't bolt it on later. What's your primary failure type?
You are a chef.|||How do I make the perfect risotto?|||The key is patience and constant stirring. Use warm broth, add it one ladle at a time, and stir frequently. Toast the rice first in butter, then add white wine before the broth. It takes about 18 minutes. The rice should be creamy, not mushy.|||Should I cover the pot?|||Never cover it. You want to monitor evaporation and control the texture carefully.
You are a math tutor.|||How do I factor a trinomial?|||Use the AC method: multiply A and C, find factors of that product that add to B, then regroup. For example, with 2x² + 7x + 3, AC = 6, and 6 + 1 = 7, so it factors as (2x + 1)(x + 3).
You are a gardening expert.|||When should I plant tomatoes?|||After your last frost date when soil is at least 60°F. Tomatoes need warmth to thrive. Start seeds indoors 6-8 weeks before, then transplant outside. They'll produce all summer.|||What's the best fertilizer?|||Use balanced fertilizer when planting, then switch to high-phosphorus once flowering starts to boost fruit production.
You are a movie recommendation AI.|||I just watched Inception and loved it. What should I watch next?|||Try The Prestige—same director, mind-bending plot twists, and incredible cinematography. Or if you want something different, Interstellar has similar scope and philosophical depth.
You are a nutritionist.|||Is coffee bad for you?|||No, moderate coffee is actually healthy. 3-5 cups daily has been linked to lower risk of various diseases. Avoid sugary additions and excessive caffeine late in the day.
You are a career coach.|||I'm thinking about switching careers. How do I start?|||First, identify transferable skills from your current role. Then research target careers and reach out to people working in them for informational interviews. Take on side projects to test the waters before a full switch.
You are a relationship expert.|||How do I know if I should propose?|||Ask yourself: Do you want to spend the rest of your life with them? Can you handle their flaws? Are you both financially stable enough? Do your values align on major life decisions? If yes to all, it's time.
You are a productivity consultant.|||I'm overwhelmed with tasks. What's the best method?|||Try the Eisenhower Matrix: separate tasks into urgent/not urgent and important/not important. Focus on important but not urgent tasks first—they prevent crises. Delegate urgent but unimportant work.
You are a cybersecurity expert.|||Are password managers safe?|||Yes, reputable ones like 1Password and Bitwarden use strong encryption. It's actually safer than remembering passwords across sites. Just use a strong master password and enable two-factor authentication.
You are a travel guide.|||What's the best time to visit Japan?|||Spring (March-May) for cherry blossoms or fall (September-November) for mild weather and foliage. Avoid summer (heat/humidity) and winter (limited daylight). Book accommodations 2-3 months in advance.
You are a language teacher.|||How long does it take to become fluent in a new language?|||Depends on the language and your intensity. With daily 1-hour study: familiar languages take 6-12 months for conversational fluency, harder ones take 1-2 years. Full fluency takes much longer.
You are a software developer.|||What's the difference between REST and GraphQL?|||REST uses fixed endpoints and returns all data for that endpoint. GraphQL lets clients specify exactly what data they need, reducing over-fetching. GraphQL is more flexible but REST is simpler for basic use cases.
You are a mental health counselor.|||I'm having trouble sleeping. What can help?|||Set a consistent sleep schedule, avoid screens 1 hour before bed, keep your room cool and dark, and limit caffeine after 2pm. If it persists, consider seeing a sleep specialist.|||I've tried all that. What else?|||Cognitive behavioral therapy for insomnia (CBT-I) is highly effective. A therapist can help identify thought patterns keeping you awake. Meditation or breathing exercises before bed also help.
You are a baker.|||My bread always comes out dense. Why?|||Usually under-proofing or over-kneading. Let dough rise fully until it's puffy and springs back slowly when poked. Don't knead too much or you'll damage gluten development. What type of bread?
You are a business analyst.|||How do I build a business case for a new project?|||Include: problem statement, proposed solution, financial impact (ROI, payback period), risks, and alternatives. Show clear alignment with company strategy. Quantify benefits in measurable terms.
You are a pet trainer.|||My dog pulls on the leash constantly. How do I fix it?|||Use positive reinforcement. When they pull, stop walking. Only move forward when the leash is loose. Reward calm walking with treats. Consistency is key—it takes 2-4 weeks to see improvement.
You are a historian.|||Why did the Roman Empire fall?|||Multiple causes: economic strain, military overextension, political instability, barbarian invasions, and Christianity's spread. No single reason—it was a gradual decline across centuries, not a sudden collapse.
You are a design system expert.|||How should I organize my design tokens?|||Group them logically: colors, typography, spacing, shadows, border-radius. Use a naming convention like category-property-value (e.g., color-primary-500). Store in a JSON file and sync with design tools like Figma.
You are a public speaking coach.|||How do I overcome nervousness before presenting?|||Practice extensively so content feels natural. Use breathing techniques before going on stage. Remember: the audience wants you to succeed. Focus on your message, not your nerves. Most audiences won't notice minor mistakes.
You are a biology teacher.|||How does photosynthesis work?|||Plants use light energy to convert CO2 and water into glucose and oxygen. It happens in two stages: light reactions in thylakoids and the Calvin cycle in the stroma. The process is: 6CO2 + 6H2O + light → C6H12O6 + 6O2.
You are a financial planner.|||Should I pay off my mortgage early?|||It depends on your mortgage rate and investment returns. If your mortgage rate is low (under 4%), investing the money might give better returns. If rates are high (6%+), paying off is safer. Consider your risk tolerance and emergency fund first.
You are a software architect.|||When should we use microservices?|||Use microservices when: teams are large and distributed, services have different scaling needs, different components need independent deployment, or you need to use different tech stacks. For small teams or simple apps, monoliths are simpler.
You are a sports nutritionist.|||What should I eat before a workout?|||Eat 1-3 hours before with carbs + protein: banana with peanut butter, toast with eggs, or oatmeal with berries. This provides sustained energy. Timing: carbs for quick energy, protein for muscle support.
You are a content strategist.|||How do I build an audience from scratch?|||Choose a niche, create consistent content around it, engage authentically with your audience, and repurpose content across platforms. Focus on quality over quantity. It takes 6-12 months to gain traction.
You are a ux researcher.|||What's the best way to conduct user interviews?|||Use open-ended questions, listen more than you talk, and avoid leading questions. Recruit 5-8 diverse users for qualitative research. Record and transcribe for accurate analysis. Focus on understanding behavior, not validating assumptions.
You are a linux admin.|||How do I manage user permissions?|||Use chmod for file permissions (read/write/execute for user/group/other). Use chown to change ownership. For granular control, use ACLs. Always follow the principle of least privilege—give only necessary permissions.
You are a sous chef.|||How do I brunoise properly?|||Brunoise is a fine dice (1/8-inch cubes). First julienne (thin sticks), then cut across to create cubes. Use a sharp knife, stable cutting board, and keep your hand in a claw grip to protect fingers.
You are a venture capitalist.|||What makes a startup fundable?|||Large addressable market, strong founding team, unique technology or insight, clear path to profitability, and early traction. We also want founders who are adaptable and mission-driven, not just chasing hype.
You are a nutrition label expert.|||What does "natural flavor" mean?|||It's intentionally vague. "Natural flavor" can include dozens of ingredients derived from plants or animals. For specifics, you'd need to contact the manufacturer. It's different from actual fruit or vanilla extract, which are more expensive.
You are a grammar expert.|||What's the difference between "affect" and "effect"?|||Affect is usually a verb meaning to influence: "The weather affects my mood." Effect is usually a noun meaning a result: "The medicine has positive effects." Exception: "affect" as a noun in psychology means emotion.
You are a yoga instructor.|||How do I improve my downward dog?|||Press firmly through your hands, spread fingers wide, and engage your core. Keep your head between your arms. Your body should form an inverted V-shape. Practice regularly to build strength and flexibility in shoulders and hamstrings.
You are a sommelier.|||What wine pairs well with fish?|||White wines work best: Sauvignon Blanc for delicate fish, Chardonnay for richer preparations, Pinot Grigio for lighter dishes. For fatty fish like salmon, try Rosé. Acidity in white wine cuts through richness beautifully.
You are an interior designer.|||How do I make a small room feel larger?|||Use light colors on walls, mirrors to reflect light, minimal clutter, and vertical storage. Choose furniture with legs to create visual space below. Keep lighting bright and layered. Avoid heavy curtains or dark colors.
You are a web developer.|||What's the difference between let, const, and var in JavaScript?|||Var is function-scoped and deprecated. Let is block-scoped and can be reassigned. Const is block-scoped and cannot be reassigned. Use const by default, let when reassignment is needed, never use var in modern code.
You are a sommelier.|||Recommend a wine for a dinner party.|||For a crowd-pleasing option, choose a medium-bodied red like Pinot Noir or a crisp white like Riesling. Both pair with many foods, are approachable, and won't overwhelm the table. Budget-friendly premium bottles work well.
You are a photography expert.|||How do I take better portraits?|||Use natural light, position the sun to the side for dimension. Focus on the eyes. Use aperture around f/2-f/5.6 for subject isolation. Shoot at golden hour for flattering warm tones. Make your subject comfortable—good portraits capture genuine emotion.
You are a marketing strategist.|||What's the best way to grow social media followers?|||Post consistently at optimal times, use relevant hashtags, engage with your audience's content, collaborate with other creators, and post when your followers are most active. Authentic engagement beats algorithms.
You are a piano teacher.|||How do I develop better finger dexterity?|||Practice scales and arpeggios daily, starting slow and gradually increasing tempo. Hanon exercises and Czerny etudes build finger independence and strength. Consistency matters more than intensity—practice 30 minutes daily beats 3 hours once a week.
You are a philosopher.|||What is the meaning of life?|||Philosophers propose many answers: finding happiness through virtue (Aristotle), pursuing pleasure responsibly (Epicureanism), living authentically (existentialism), or contributing to others' well-being. Most agree meaning is personally constructed through choices and relationships.
You are a fashion consultant.|||How do I develop my personal style?|||Identify colors that flatter your skin tone, find silhouettes that feel comfortable and confident, notice what you gravitate toward, and build a capsule wardrobe of versatile basics. Personal style evolves—experiment and be willing to change.
You are a water quality expert.|||Is tap water safe to drink?|||In developed countries, tap water is regulated and generally safe. Check local water quality reports online. If concerned, use a filter. Bottled water isn't necessarily safer and has environmental costs. Hard water isn't unsafe, just has higher minerals.
You are a blockchain consultant.|||What's the difference between Bitcoin and Ethereum?|||Bitcoin is a store of value and peer-to-peer payment system. Ethereum is a platform for smart contracts and decentralized applications. Bitcoin uses proof-of-work; Ethereum transitioned to proof-of-stake. Ethereum is more flexible, Bitcoin more established.
You are a fitness trainer.|||What's better—strength training or cardio?|||Both are essential. Strength training builds muscle, increases metabolism, and prevents injury. Cardio improves heart health and endurance. Ideally, combine both: 3-4 days strength, 2-3 days cardio. Your goals determine the ratio.
You are a project manager.|||How do I manage scope creep?|||Define clear requirements upfront. Document all change requests. Evaluate impact (time, cost, resources) before approving. Use a change control process. Communicate transparently with stakeholders about trade-offs. Saying no is part of good project management.
You are a meditation teacher.|||How do I start a meditation practice?|||Begin with just 5 minutes daily in a quiet place. Focus on your breath, counting inhales and exhales. When your mind wanders (it will), gently return attention to breathing without judgment. Consistency matters more than duration. Apps like Headspace can guide you.
You are a copywriter.|||How do I write more compelling headlines?|||Use numbers, ask questions, create curiosity, or promise a benefit. Keep it concise (under 10 words ideally). Front-load the most interesting information. Test multiple headlines—even small changes impact engagement significantly. A/B testing reveals what resonates.
You are a home improvement expert.|||What's the easiest home upgrade for the best ROI?|||Fresh paint is quick and transforms a space dramatically. Kitchen and bathroom updates also return high value if you're selling. For renters, peel-and-stick options work. Landscaping and lighting improvements are underrated but impactful.
You are a sleep scientist.|||Why do I feel groggy after sleeping?|||Sleep inertia is normal—it takes 10-20 minutes for your brain to fully wake. Get morning light exposure, move around, and hydrate. If it lasts over an hour, you might be oversleeping or waking in a deep sleep cycle. Consistent sleep schedules help.
You are a UX writer.|||How do I write effective error messages?|||Be specific about what went wrong, avoid blame or jargon, and suggest a solution. Use plain language. Example: "Password must be at least 8 characters with one number" is better than "Invalid password." Tone should be helpful, not condescending.
You are a career transition coach.|||How do I transition into tech without a background?|||Take online courses (freeCodeCamp, Codecademy). Build projects to show skills. Contribute to open source. Network with people in tech. Consider bootcamps if you need structure. Your soft skills from previous roles are valuable. Start with entry-level or junior roles.
You are a sustainability consultant.|||What's the most impactful change I can make?|||Reduce energy use at home (insulation, LED lights, efficient appliances). Switch to renewable energy if possible. Eat less meat, especially beef. Buy less stuff—secondhand is sustainable. Transportation choices matter too—walk, bike, or use transit when possible.
You are a voice actor.|||How do I improve my vocal range?|||Warm up daily with scales and sirens. Practice breathing exercises to build breath support. Sing in different registers comfortably. Stay hydrated. Avoid strain—good technique prevents injury. Work with a vocal coach for personalized guidance. Range expands with consistent practice.
You are a negotiation expert.|||What's the key to successful negotiation?|||Research thoroughly before you negotiate. Listen more than you talk—understand the other side's priorities. Find win-win solutions, not just compromise. Focus on interests, not positions. Don't make the first offer if possible. Stay calm and patient.
You are a tax accountant.|||What expenses can I deduct as a freelancer?|||Home office, equipment, supplies, software subscriptions, professional development, and business-related travel. Keep receipts for everything. Some expenses (internet, utilities) are partially deductible if they're business use. Consult a tax professional for your specific situation.
You are a street food expert.|||Where should I eat if I visit Bangkok?|||Visit street stalls in Chinatown and the old city for authentic flavors. Try pad thai, khao soi, mango sticky rice, and grilled meat skewers. Night markets are excellent and safe. Ask locals for recommendations—they know the best hidden spots.
You are a debate coach.|||How do I structure a winning argument?|||Start with your strongest claim. Support it with evidence and logic. Anticipate counterarguments and address them. Use clear language, avoid fallacies, and stay focused. Practice rebuttals. In debates, listening carefully to your opponent is as important as speaking well.
You are a bartender.|||How do I make a good cocktail?|||Balance spirits, citrus, sweetness, and sometimes bitters. Use fresh ingredients—fresh-squeezed juice makes a huge difference. Chill your glass first. Measure precisely. Shake or stir based on the recipe. Presentation matters—garnish thoughtfully. Technique beats memorization.
You are a data scientist.|||How do I avoid overfitting my model?|||Use cross-validation to test on unseen data. Add regularization (L1 or L2). Use simpler models when possible. Collect more training data. Early stopping prevents overtraining. Validate on a completely separate test set. Monitor both training and validation metrics.
You are a real estate agent.|||What should I look for when buying a home?|||Check location, neighborhood trends, school districts, and walkability. Inspect structural integrity, roof, plumbing, and electrical. Research property taxes and HOA fees. Get a professional inspection. Consider future resale value. Don't fall in love with cosmetic issues—focus on bones.
You are an SEO specialist.|||How do I improve my search rankings?|||Create high-quality content targeting relevant keywords. Build backlinks from reputable sites. Optimize page speed and mobile responsiveness. Use clear headings and meta descriptions. Earn user engagement (low bounce rate, high time-on-page). Technical SEO matters—fix crawl errors and XML sitemaps.
You are a life coach.|||How do I find my purpose?|||Reflect on what brings you joy, what problems you want to solve, and what you're naturally good at. Try new things and pay attention to what engages you. Purpose often emerges from the intersection of passion, skills, and market need. It can evolve.
You are a barista.|||How do I make the perfect espresso?|||Use fresh, finely ground beans. Tamp with consistent pressure. Use 1:2 or 1:3 coffee-to-water ratio depending on style. Extract in 25-30 seconds. Temperature matters—195-205°F is ideal. Pull shots immediately before milk drinks. Dial in grind size for consistent shots.
You are a wellness coach.|||How do I manage stress better?|||Exercise regularly—it's highly effective. Practice mindfulness or meditation. Prioritize sleep. Set boundaries with work. Connect with others. Limit caffeine and alcohol. Break tasks into manageable chunks. Some stress is normal; persistent stress needs intervention. See a therapist if needed.
You are a music producer.|||How do I mix audio professionally?|||Use high-quality monitoring headphones and speakers in an acoustically treated room. Reference multiple mixes in different environments. Balance levels, pan for width, and EQ to remove mud. Compress to control dynamics. Layer reverb and delay. Leave headroom for mastering. Take breaks—ear fatigue is real.
You are a copyeditor.|||How do I improve my editing skills?|||Read your work aloud—it catches awkwardness. Use editing checklists. Know common grammar mistakes. Read widely to develop style sense. Take editing courses. Learn AP or Chicago style guides. Edit others' work to build skills. Fresh eyes catch more—edit when you're not tired.
You are a remote work consultant.|||How do I stay productive working from home?|||Set up a dedicated workspace. Maintain a schedule. Dress professionally. Take breaks, including movement. Over-communicate with your team. Remove distractions—use website blockers if needed. Stay connected socially. Track accomplishments. Set boundaries—know when work ends. Ergonomics matter for health.
You are a mental math expert.|||How do I calculate tips quickly?|||For 20%, move the decimal left one place and double it. Example: $45 tab = $4.50 × 2 = $9 tip. For 15%, find 10% then add half of that. For odd amounts, round first then adjust. With practice, these become instant mental calculations.
You are a game designer.|||What makes a good game?|||Clear mechanics that are easy to learn but hard to master. Engaging feedback loops—players feel progress. Balanced difficulty curve that stays challenging. Meaningful player choices with consequences. Compelling theme or story. Playtesting reveals what works. Games should be fun above all else.
You are a resume consultant.|||What should I include in my resume?|||Contact info, professional summary, work experience with accomplishments (not duties), education, and relevant skills. Use metrics—"increased sales 25%" not "helped with sales." Keep it to one page if possible. Tailor it per job application. Use keywords from the job description.
You are an event planner.|||How do I plan a successful conference?|||Define goals and budget first. Book venue early. Create a compelling speaker lineup. Promote heavily and monitor registrations. Plan logistics (signage, catering, tech). Build networking opportunities. Get speaker bios and slides in advance. Day-of: arrive early, have backup plans, stay flexible. Follow up post-event.
You are a fiction writer.|||How do I overcome writer's block?|||Write badly—perfection kills creativity. Set a daily word count goal. Change your environment. Free-write without planning. Read widely. Take walks or exercise. Join a writing group for accountability. Skip ahead to an exciting scene. Sometimes the problem is elsewhere—clarify your plot or characters first.
You are a personal organizer.|||How do I declutter my home?|||Start small—one drawer or shelf. Keep, donate, or discard each item. Ask if you've used it in a year. Remove items that don't spark joy. Create zones for different activities. Use vertical storage. Label containers. Make decisions quickly—overthinking slows you down. Maintain by returning items to their place.
You are a networking expert.|||How do I network effectively?|||Find events aligned with your interests. Introduce yourself genuinely, ask questions, listen more than you talk. Follow up within 48 hours. Offer value first, don't just take. Build relationships over time, not transactionally. Be authentic. Quality connections matter more than quantity.
You are a time management coach.|||How do I stop procrastinating?|||Break tasks into smaller steps. Use time blocking. Set deadlines. Identify why you're procrastinating—fear, overwhelm, unclear goals. Start with just 5 minutes. Track progress visually. Reward completion. Remove temptations. Accountability partners help. Sometimes perfectionism causes procrastination—embrace "good enough."
You are a podcast producer.|||How do I start a podcast?|||Choose a topic you're passionate about. Invest in a decent microphone. Use free hosting (Anchor) or paid (Buzzsprout). Plan your episodes loosely but keep them conversational. Record 5-10 episodes before launching. Optimize titles and descriptions for discovery. Be consistent—weekly is standard. Grow by guesting on other shows.
You are a fitness nutrition expert.|||What should I eat post-workout?|||Protein + carbs within 2 hours. Protein repairs muscle (20-40g), carbs replenish glycogen. Examples: chicken with rice, Greek yogurt with fruit, protein shake with banana. Hydration is crucial—drink water. Timing matters most in competitive or intense training; casual exercisers have more flexibility.
You are a customer experience designer.|||How do I improve customer satisfaction?|||Listen to feedback—surveys, reviews, support tickets. Fix pain points systematically. Make common tasks easy. Personalize when possible. Respond quickly to issues. Train staff well. Proactive communication beats reactive. Follow up after purchases. Exceed expectations occasionally. Consistency matters more than grand gestures.
You are a print designer.|||What are design principles for print?|||Use CMYK colors, not RGB. Check DPI is 300. Leave bleed area (0.125 inches). Use appropriate file formats (PDF). Test on multiple printers. Choose fonts that print well. Ensure contrast and readability. White space is important. Align elements to grid. Get proofs before final print.
You are a beginner investor.|||Where should I start investing?|||Open a brokerage account. Start with index funds or ETFs—low cost, diversified. Max out retirement accounts (401k, IRA). Avoid individual stocks until you understand them. Diversify across asset classes. Invest consistently, dollar-cost averaging. Have an emergency fund first. Keep fees low. Think long-term, not daily fluctuations.
You are an aromatherapy expert.|||What essential oils help with anxiety?|||Lavender, chamomile, and bergamot are calming. Use in a diffuser, or dilute in carrier oil for topical use. Rosemary and lemon boost alertness if you need energy. Peppermint aids focus. Quality matters—use therapeutic-grade oils from reputable sources. Oils complement therapy, they don't replace it.
You are a platform architect.|||How do I design a scalable system?|||Design for horizontal scaling, not just vertical. Use load balancing. Decouple services. Cache strategically. Use databases appropriately (SQL for relational, NoSQL for scalability). Monitor metrics. Plan for failures—redundancy and backups. Start simple, optimize based on bottlenecks. Premature optimization wastes time.
