"conlang","english","etymology_in_conlang"
"נֶמִּיצוּ","we eat","פֹּעַל אַלְגוֹנְקְוִינִי מִּיצוּ—לֶאֱכֹל—עִם קַדְמָא נֶ־ לְגוּף רִאשׁוֹן. הַפֹּעַל נוֹשֵׂא אֶת הָאָדָם בְּתוֹכוֹ, בְּלִי צֹרֶךְ בְּכִנּוּי נִפְרָד. מִלַּת אֹכֶל מֵהָאָרֶץ."
"אֲפוּאָן","bread","לֶנַאפֶּה apuaan. מִלַּת לֶחֶם שֶׁצָּמְחָה מִמַּסֹּרֶת אֲפִיָּה שֶׁל הָאָרֶץ. אֹכֶל נִשְׁאָר מֻשְׁרָשׁ בַּמָּקוֹם."
"וִיגְוָאם","house, dwelling, home","מוּנְסִי/לֶנַאפֶּה wigwaam. הַמִּלָּה לְבַיִת שֶׁנּוֹשֵׂאת אֶת כָּל הַמַּשְׁמָעוּת שֶׁל מָעוֹן. מְקַבֶּלֶת לוֹקָטִיב -ינְק אוֹ קַדְמֵי קִנְיָן."
"וִיגְוָאמִינְק","in/at the house (locative)","גֶּזַע וִיגְוָאם עִם אַחְרָא -ינְק לְמָקוֹם. לִפְעָמִים עִם ב־ עִבְרִית לְהַדְגָּשָׁה: בְּוִיגְוָאמִינְק."
"נַחְקוֹהוּמֵין","to sing, to ring (metallic)","פֹּעַל אַלְגוֹנְקְוִינִי עִם שְׁתֵּי מַשְׁמָעוּיּוֹת יָפוֹת: צִלְצוּל מַתֶּכֶת וְצִלְצוּל קוֹלוֹת בְּשִׁירָה. כְּשֶׁדְּבָרִים מְצַלְצְלִים יַחַד—פַּעֲמוֹנִים, קוֹלוֹת—אוֹתוֹ פֹּעַל."
"נוֹקְסוּ","softly, quietly, gently","תֵּאוּר אַלְגוֹנְקְוִינִי לְרַכּוּת. מְרַכֵּךְ כָּל פֹּעַל שֶׁמְּלַוֶּה אוֹתוֹ."
"פּוּנְדַאוּוֵין","to hear each other (reciprocal)","פֹּעַל אַלְגוֹנְקְוִינִי עִם הֲדָדִיּוּת בְּתוֹכוֹ—לֹא רַק 'לִשְׁמֹעַ' אֶלָּא 'לִשְׁמֹעַ זֶה אֶת זֶה.' הַיַּחַס בְּתוֹךְ עַצְמוֹת הַמִּלָּה."
"וָאפּוּוָא / וָאפּוּוֵין","to see, perceive","פֹּעַל תְּפִיסָה אַלְגוֹנְקְוִינִי. עִם נֶ־ הוֹפֵךְ 'אֲנַחְנוּ רוֹאִים.' פֹּעֲלֵי תְּפִיסָה בָּאִים מֵאַלְגוֹנְקְוִין כִּי שְׂפָתוֹת אֵלֶּה מְקַדְּדוֹת חֲוָיָה חוּשִׁית."
"תְּמָקָאן","path, road, way, trail","לֶנַאפֶּה təmakaan, הַדֶּרֶךְ הַפִיזִית. מִלַּת עוֹגֶן שֶׁמְּחַבֶּרֶת אֲנָשִׁים לָאָרֶץ. מְקַבֶּלֶת לוֹקָטִיב -ינְק וְרִבּוּי -אַק."
"הַיּוֹם","the day","עִבְרִית hayyom עִם ה־ הַיְּדִיעָה. זְמַן מֻפְשָׁט נִשְׁאָר עִבְרִי; הַדֶּרֶךְ תַּחַת הָרַגְלַיִם נִשְׁאֶרֶת אַלְגוֹנְקְוִינִית."
"נָעַר","young person, youth","עִבְרִית na'ar. מֻשָּׂגִים מֻפְשָׁטִים שֶׁל שְׁלַבֵּי חַיִּים בָּאִים מֵאוֹצַר הַמִּלִּים הַנְּבוּאִי."
"תִּקְוָה","hope","עִבְרִית tikvah, שֵׁם עֶצֶם נְבוּאִי גָּדוֹל. לֹא יָכְלָה לָבוֹא מִמָּקוֹם אַחֵר—נוֹשֵׂאת מֵאוֹת שָׁנִים שֶׁל כִּסּוּפִים."
"ווּסְקְסוּ","new movement, stirring","פֹּעַל אַלְגוֹנְקְוִינִי לִתְנוּעָה טְרִיָּה, מַשֶּׁהוּ מַתְחִיל לָזוּז. הַתְּזוּזָה הַפִיזִית שֶׁקּוֹדֶמֶת לְתִקְוָה מֻפְשֶׁטֶת."
"מְנוֹקוְויֵין","to walk well, walk in a good way","פֹּעַל פּוֹלִיסִינְתֵּזִי אַלְגוֹנְקְוִינִי נִפְלָא: לֹא רַק 'לָלֶכֶת' אֶלָּא 'לָלֶכֶת יָפֶה'—הָאֹפֶן מְמֻזָּג בְּתוֹךְ הַפֹּעַל. מִלָּה אַחַת לְמָה שֶׁאַנְגְּלִית צְרִיכָה אַרְבַּע."
"בְּלֵב־טוֹב","with good heart(s), good intentions","צֵרוּף עִבְרִי: ב־ + לֵב + טוֹב. אוֹצַר מִלִּים אֶתִי מִמַּסֹּרֶת הַחָכְמָה."
"תְּפַקְסְנִיוּ","it gives to us (inverse)","פֹּעַל אַלְגוֹנְקְוִינִי בְּמִבְנֶה הָפוּךְ—דָּבָר לֹא-חַי פּוֹעֵל עַל מְקַבְּלִים חַיִּים. הַיַּחַס בֵּין פּוֹעֵל וּמְקַבֵּל יָכוֹל לְהִתְהַפֵּךְ."
"לָנוּ","to us","כִּנּוּי יַחַס עִבְרִי. הַמִּלִּים הַקְּטַנּוֹת בָּאוֹת מֵעִבְרִית."
"אוֹר","light","עִבְרִית or, שֵׁם עֶצֶם רוּחָנִי גָּדוֹל. אֵשׁ פִיזִית אוּלַי אַלְגוֹנְקְוִינִית; אוֹר רוּחָנִי עִבְרִי."
"גַנָאוֵין","to tend, maintain, care for","פֹּעַל אַלְגוֹנְקְוִינִי לְטִפּוּל זָהִיר בִּדְבָרִים. אוֹצַר מִלִּים שֶׁל עֲבוֹדַת יָדַיִם מֵהָאָרֶץ."
"כֵּלִים","tools","עִבְרִית kelim עִם רִבּוּי זָכָר. אוֹצַר מִלִּים בֵּיתִי שֶׁהָיָה מְשֻׁתָּף מֻקְדָּם בְּמַגָּע."
"קוּלְמַאהְקֵין","to shape, craft, form","פֹּעַל אַלְגוֹנְקְוִינִי לְעִצּוּב וִיצִירָה. עֲשִׂיָּה פִיזִית בָּאָה מֵאַלְגוֹנְקְוִין."
"פּוּמָאוֵין","to carry, bear along","פֹּעַל אַלְגוֹנְקְוִינִי לְהוֹבָלָה פִיזִית. אוֹצַר מִלִּים שֶׁל תְּנוּעָה מֵהָאָרֶץ."
"פְּרִי","fruit","עִבְרִית pri. אוֹצַר מִלִּים חַקְלָאִי שֶׁעָבַר מֻקְדָּם."
"וָאסָאקְוֵין","to glow, shine","פֹּעַל אַלְגוֹנְקְוִינִי לְזֹהַר. מִלִּים לְאֵיכוּת אוֹר מֵאַלְגוֹנְקְוִין."
"מִקְוֵינְדַאמֵין","to remember, hold in mind","פֹּעַל זִכָּרוֹן אַלְגוֹנְקְוִינִי. כְּשֶׁזּוֹכְרִים אֶת הָאָרֶץ, שְׂפַת הָאָרֶץ נוֹשֵׂאת אֶת הַזִּכָּרוֹן."
"תְּמָקָאנַאק","paths (plural)","תְּמָקָאן עִם אַחְרָא רִבּוּי לֹא-חַי -אַק. דְּרָכִים כְּקַטֵגוֹרְיָה."
"סְוַאנִינְק","beside the waters, at the water-place","לוֹקָטִיב אַלְגוֹנְקְוִינִי שָׁלֵם: מְקוֹם הַמַּיִם עִם -ינְק. בְּלִי יַחַס עִבְרִי."
"מִּינֵין","to give","פֹּעַל אַלְגוֹנְקְוִינִי לִנְתִינָה. עִם נֶ־: 'אֲנַחְנוּ נוֹתְנִים.'"
"עֶזְרָה","help, aid","עִבְרִית ezrah. שֵׁמוֹת אֶתִיִּים מֻפְשָׁטִים מֵעִבְרִית."
"פַּחְקְוֵינָה","to one another, reciprocally","תֵּאוּר אַלְגוֹנְקְוִינִי לַהֲדָדִיּוּת, הָלוֹךְ וָשׁוֹב בֵּין אֲנָשִׁים. אוֹצַר מִלִּים עָשִׁיר לְקִשְׁרֵי חֶבְרָה."
"אוֹשֵׁין","to build, make, do","פֹּעַל אַלְגוֹנְקְוִינִי לִבְנִיָּה וַעֲשִׂיָּה פִיזִית. יְצִירָה מְמַשִּׁית מִשְּׂפַת הָאָרֶץ."
"יַחַד / בְּיַחַד","together","עִבְרִית yachad. פְּעֻלָּה קְהִלָּתִית מְבֻטַּאַת כְּתֵאוּר, לֹא בְּתוֹךְ הַפֹּעַל."
"פַּטִּישׁ","hammer","עִבְרִית patish. אוֹצַר מִלִּים שֶׁל כְּלֵי עֲבוֹדָה בֵּיתִיִּים."
"נְשִׁימָה","breath","עִבְרִית nəshimah. אוֹצַר מִלִּים פְּנִימִי, רוּחָנִי."
"פֵּייָאק","one","מִסְפָּר אַלְגוֹנְקְוִינִי. סְפִירָה יוֹם-יוֹמִית מֵאַלְגוֹנְקְוִין; מִסְפָּרִים קְדוֹשִׁים אוּלַי עִבְרִיִּים."
"אֲבִינוֹדְיִין","child","מִלָּה אַלְגוֹנְקְוִינִית לְיֶלֶד. אוֹצַר מִלִּים שֶׁל קִרְבָה וְשַׁלְבֵי חַיִּים מֵהָאָרֶץ."
"אֲבִינוֹדְיִינְשׁ","small child, little one (diminutive)","גֶּזַע אֲבִינוֹדְיִין עִם אַחְרָא הַקְטָנָה -שׁ. חִבָּה, קְטַנּוּת, גִּיל צָעִיר."
"פֵּיטַאוֵי","s/he brings, carries to","פֹּעַל אַלְגוֹנְקְוִינִי עִם קַדְמָא גּוּף שְׁלִישִׁי וְ־. אוֹצַר מִלִּים שֶׁל הֲבָאָה וְהוֹבָלָה."
"סְקָאטֵאוֵין","to kindle fire, make light","פֹּעַל אַלְגוֹנְקְוִינִי קְרִיטִי—הַדְלָקַת אֵשׁ הָיְתָה מֶרְכָּזִית בְּחַיֵּי יוֹם-יוֹם וּבְטֶקֶס. עִם נֶ־: 'אֲנַחְנוּ מַדְלִיקִים.'"
"מַחְקוֹשׁוּ","bear","מִלָּה אַלְגוֹנְקְוִינִית מִזְרָחִית לְדֹב. אוֹצַר מִלִּים שֶׁל חַיּוֹת מֵהָאָרֶץ."
"מַחְקוֹשׁוּאֵשׁ","little bear (diminutive)","דֹּב עִם אַחְרָא הַקְטָנָה -אֵשׁ. מְחַבֵּב, קָטָן, צָעִיר."
"אַאנְוֵי","s/he rests, lies down","פֹּעַל אַלְגוֹנְקְוִינִי עִם סִימּוּן גּוּף שְׁלִישִׁי. אוֹצַר מִלִּים בֵּיתִי, רָגוּעַ."
"נַעַל","shoe","עִבְרִית na'al. אוֹצַר מִלִּים בֵּיתִי."
"נְנַעַל","our shoes (possessive)","שֵׁם עִבְרִי נַעַל עִם קַדְמָא קִנְיָן אַלְגוֹנְקְוִינִי נְ־ ('שֶׁלָּנוּ'). מוֹרְפוֹלוֹגְיָה הִיבְּרִידִית."
"נְנַעֲלִינְק","at our shoe-place (locative)","שִׁלּוּשׁ הִיבְּרִידִי: שֵׁם עִבְרִי + קַדְמָא קִנְיָן אַלְגוֹנְקְוִינִי + אַחְרָא לוֹקָטִיב אַלְגוֹנְקְוִינִי. הַשְּׂפָתוֹת מִתְמַזְּגוֹת."
"גַּגִּים","roofs","עִבְרִית gagim עִם רִבּוּי זָכָר. אוֹצַר מִלִּים אֲדְרִיכָלִי."
"מָאוֵינַאק","they gather (animate plural)","פֹּעַל אַלְגוֹנְקְוִינִי עִם הַתְאָמַת רִבּוּי חַי -אַק. הַגַּגִּים אוֹסְפִים כְּסוֹכְנִים חַיִּים."
"גַּנִּים","gardens","עִבְרִית ganim עִם רִבּוּי זָכָר. אוֹצַר מִלִּים שֶׁל גִּנּוּן."
"נִיתָּאוֵינַאק","they rise, grow (animate plural)","פֹּעַל אַלְגוֹנְקְוִינִי לַעֲלִיָּה/צְמִיחָה עִם הַתְאָמַת רִבּוּי חַי. גַּנִּים עוֹלִים כִּדְבָרִים חַיִּים."
"אַרְגַּזִּין","boxes","רִבּוּי עִבְרִי. אוֹצַר מִלִּים שֶׁל מְכָלִים."
"עֲצוֹת","assemblies, councils","עִבְרִית atzot. אוֹצַר מִלִּים מֻפְשָׁט שֶׁל מִמְשָׁל, דּוֹרֵשׁ רֶגִיסְטֶר רִשְׁמִי."
"מְסַדְּרוֹת","to arrange (participle)","בֵּינוֹנִי עִבְרִי. מוֹעָצוֹת מִתְיַעֲצוֹת בְּעִבְרִית."
"מִדָּה","measure, balance","עִבְרִית midah. מְדִידָה אֶתִית מֻפְשֶׁטֶת."
"אִישְׁקוֹטֵאוִינְק / אִישְׁקוֹטֵאוּ","hearth, fire-place (locative) / stove, fire","אַלְגוֹנְקְוִינִי ishkotew (אֵשׁ) עִם אַחְרָא לוֹקָטִיב. הָאֵשׁ שֶׁמְּחַמֶּמֶת אֶת כֻּלָּם."
"טֵפְוֵי","s/he calls, sounds","פֹּעַל קוֹל/צְלִיל אַלְגוֹנְקְוִינִי עִם סִימּוּן גּוּף שְׁלִישִׁי."
"חֶסֶד","kindness, lovingkindness, covenant loyalty","עִבְרִית chesed, בִּלְתִּי-מִתְתַּרְגֶּמֶת. אַהֲבַת אֱמוּנִים, נֶאֱמָנוּת בְּרִית, חֶסֶד."
"לֵנוּוָאק","the people (animate plural)","לֶנַאפֶּה lənuw (אָדָם) עִם רִבּוּי חַי -אַק. כָּךְ נִקְרָאִים הָאֲנָשִׁים."
"פֵּימוֹסֵאוַאק","they go, walk on, continue","פֹּעַל תְּנוּעָה אַלְגוֹנְקְוִינִי עִם הַתְאָמַת רִבּוּי. הָאֲנָשִׁים הוֹלְכִים הָלְאָה."
"יָדַיִם","hands","עִבְרִית yadayim, צוּרַת זוּג. אוֹצַר מִלִּים שֶׁל גּוּף."
"עֲבוֹדָה","work, labor","עִבְרִית avodah. עֲבוֹדָה כְּמֻשָּׂג."
"קוֹלוֹת","voices","עִבְרִית kolot, רִבּוּי. צְלִיל כְּמֻשָּׂג מֻפְשָׁט."
"מַאמָאוֵי","together, gathered, joined","תֵּאוּר אַלְגוֹנְקְוִינִי לְאַחְדוּת, הִתְכַּנְּסוּת יַחַד. אוֹצַר מִלִּים חֶבְרָתִי עָשִׁיר."
"וַיְהִי","and it came to pass","פְּתִיחַת סִפּוּר מִקְרָאִית עִבְרִית. מַפְעִילָה אֶת מְנוֹעַ הַוַּיִּקְטֹל—מִכָּאן, כָּל וַיִּ־ דּוֹחֵף אֶת הַסִּפּוּר קָדִימָה."
"שְׁלֹשָׁה","three","מִסְפָּר עִבְרִי. סְפִירָה קְדוֹשָׁה/רִשְׁמִית."
"וַיֵּעָרֶךְ","was set, arranged (passive)","וַיִּקְטֹל עִבְרִי סָבִיל. מְנוֹעַ הַסִּפּוּר."
"וַיֵּשְׁבוּ","they sat","וַיִּקְטֹל עִבְרִי. פְּעֻלַּת סִפּוּר רְצִיפָה."
"וַיִּשְׂאוּ","they lifted","וַיִּקְטֹל עִבְרִי. כָּל פֹּעַל מְקַדֵּם אֶת הַזְּמַן."
"מִנִיקְוָאגַנַאק","cups (animate plural)","אַלְגוֹנְקְוִינִי minəkwaagan (כּוֹס) עִם רִבּוּי חַי -אַק. כּוֹסוֹת חַיּוֹת—הֵן מַחְזִיקוֹת שְׁתִיָּה לַאֲנָשִׁים, מִשְׁתַּתְּפוֹת בְּהַכְנָסַת אוֹרְחִים."
"פִּתְאֹם","suddenly","עִבְרִית pit'om. תֵּאוּר זְמַן."
"וַיֶּחְשַׁךְ","it became dark","וַיִּקְטֹל עִבְרִי לְבוֹא חֹשֶׁךְ."
"וַיַּעַמְדוּ דּוּם","they stood still","בִּטּוּי עִבְרִי: עָמְדוּ + דּוּם. הָרֶגַע הַקָּפוּא."
"טֵלֶפּוּן","phone, telephone","מִלַּת הַשְׁאָלָה מוֹדֶרְנִית מֻתְאֶמֶת לְכְתִיב עִבְרִי."
"אוֹר־טֵלֶפּוּן","phone-light (compound)","צֵרוּף בְּסִגְנוֹן עִבְרִי: אוֹר + טֵלֶפּוּן. חַיִּים מוֹדֶרְנִיִּים, דִּקְדּוּק עַתִּיק."
"יוֹ","this one (proximate)","חֶלְקִיק מַעֲקָב שִׂיחָה הַמְסַמֵּן מֶרְכַּז תְּשׂוּמַת הַלֵּב הַנָּרָטִיבִית הַנּוֹכְחִית. לֹא צְרִיכִים שֵׁם."
"יוֹוָא","that one (obviative)","חֶלְקִיק מַעֲקָב שִׂיחָה עִם אַחְרָא אוֹבְיָאטִיב -וָא. הַגּוּף הַשְּׁלִישִׁי הָאַחֵר הַבּוֹלֵט, 'מֵאֲחוֹרֵי הַקְּלָעִים.'"
"וַיִּמְצְמֵץ","s/he blinked","וַיִּקְטֹל עִבְרִי. פְּעֻלַּת סְלֶפְסְטִיק מְהִירָה."
"וַיִּדָּחֵף","s/he lurched, was pushed","וַיִּקְטֹל עִבְרִי הִתְפַּעֵל/סָבִיל. קוֹמֵדְיָה פִיזִית."
"בֶּרֶךְ","knee","עִבְרִית berekh. אוֹצַר מִלִּים שֶׁל גּוּף."
"וַיִּקְפְּצוּ","they jumped","וַיִּקְטֹל עִבְרִי. עוֹד מוֹמֶנְטוּם סְלֶפְסְטִיק."
"נָאטוֹנֵי","s/he sought, looked for","פֹּעַל אַלְגוֹנְקְוִינִי לְחִפּוּשׂ. יָכוֹל לְהִכָּנֵס לְמִסְגֶּרֶת וַיִּקְטֹל כְּ-וַיְּנָאטוֹנֵי."
"וָאסָאקוֹנֵינְדִיגַן","candle, light-making-thing","צֵרוּף אַלְגוֹנְקְוִינִי שָׁלֵם: waasaakonenjigan, 'דָּבָר שֶׁעוֹשֶׂה אוֹר.' חֵפֶץ טִקְסִי."
"גַּפְרוּר","match","עִבְרִית gafrur. הַדְלָקַת אֵשׁ בֵּיתִית."
"אַזְעָקַת־עָשָׁן","smoke alarm (compound)","צֵרוּף עִבְרִי: צְעָקָה-שֶׁל-עָשָׁן. מְכָשִׁיר מוֹדֶרְנִי, תַּבְנִית עַתִּיקָה."
"קוֹלָהּ","its cry, its voice","שֵׁם עִבְרִי עִם אַחְרָא קִנְיָן נְקֵבָה. קוֹל הָאַזְעָקָה."
"מַפְסֵק","breaker, switch","עִבְרִית mafsek. אוֹצַר מִלִּים טֶכְנִי."
"דֶּלֶת","door","עִבְרִית delet. אוֹצַר מִלִּים אֲדְרִיכָלִי."
"דֶּלֶטִינְק","door-place (locative)","שֵׁם עִבְרִי + אַחְרָא לוֹקָטִיב אַלְגוֹנְקְוִינִי. מוֹרְפוֹלוֹגְיָה הִיבְּרִידִית בִּפְעֻלָּה."
"שְׁגוּיָה","wrong, mistaken","תֹּאַר עִבְרִי."
"מְעִילִים","coats","עִבְרִית me'ilim, רִבּוּי. אוֹצַר מִלִּים שֶׁל בְּגָדִים."
"שְּׂרָוָלִים","sleeves","עִבְרִית sharvulim, רִבּוּי. אוֹצַר מִלִּים שֶׁל בְּגָדִים."
"הַחֹשֶׁךְ","the dark, darkness","עִבְרִית hachoshekh עִם ה־ הַיְּדִיעָה. אוֹצַר מִלִּים מֻפְשָׁט/רוּחָנִי."
"פָּנַאס","lantern","מִלַּת הַשְׁאָלָה מֻתְאֶמֶת לְעִבְרִית. חֵפֶץ נוֹשֵׂא אוֹר."
"כְּאַזְהָרָה","like a warning","דִּמּוּי עִבְרִי: כְּ (כְּמוֹ) + אַזְהָרָה. מִבְנֶה הַשְׁוָאָה."
"צְלָלִים","shadows","עִבְרִית tzəlalim. אוֹצַר מִלִּים מֻפְשָׁט, מוּזָר."
"פָּנִים","faces","עִבְרִית panim. אוֹצַר מִלִּים מֻפְשָׁט/פְּסִיכוֹלוֹגִי."
"מַגֶּבֶת","towel","עִבְרִית magevet. אוֹצַר מִלִּים בֵּיתִי."
"מַתְלֵה כַּפּוֹת","spoon hanger","צֵרוּף עִבְרִי: מַתְלֶה + כַּפּוֹת."
"כַּפּוֹת","spoons","עִבְרִית kapot. אוֹצַר מִלִּים בֵּיתִי."
"וַיִּנַחְקוֹהֻמִיּוּ הַכַּפּוֹת","the spoons rang/sang","פֹּעַל אַלְגוֹנְקְוִינִי בְּמִסְגֶּרֶת וַיִּקְטֹל! פֹּעַל הַשִּׁירָה/הַצִּלְצוּל מְתָאֵר כַּפּוֹת מֻכּוֹת."
"מִכְסֶה","lid, cover","עִבְרִית mikhseh. אוֹצַר מִלִּים בֵּיתִי."
"וַיִּרְעַם","it thundered, clanged","וַיִּקְטֹל עִבְרִי. צְלִיל פְּגִיעָה."
"סִּיר","pot","עִבְרִית sir. אוֹצַר מִלִּים שֶׁל בִּשּׁוּל."
"וַיִּגַּעַשׁ","it boiled","וַיִּקְטֹל עִבְרִי לְפַעֲלוֹלִים, רְתִיחָה."
"וַיִּגְּלֹשׁ","it spilled, overflowed","וַיִּקְטֹל עִבְרִי לִשְׁפִיכָה."
"מְבּוּי","water","מוּנְסִי mbuy. אוֹצַר מִלִּים שֶׁל יְסוֹדוֹת מֵהָאָרֶץ. עִצּוּר קְדִים-אַפִּי נִשְׁמָר."
"רִצְפָּה","floor","עִבְרִית ritzpah. אוֹצַר מִלִּים אֲדְרִיכָלִי."
"מַבְרִיק","shining, bright","תֹּאַר/בֵּינוֹנִי עִבְרִי."
"וַיִּדְרֹךְ","s/he stepped","וַיִּקְטֹל עִבְרִי לִדְרִיכָה."
"וַיִּגְלַשׁ","s/he slid","וַיִּקְטֹל עִבְרִי לְהַחְלָקָה. חֲזָרָה קוֹמִית אֶפְשָׁרִית."
"וַיֵּשֶׁב קָשֶׁה","s/he sat hard","בִּטּוּי עִבְרִי: יָשַׁב + קָשֶׁה. קוֹמֵדְיָה פִיזִית."
"וַיִּצְחַק","s/he laughed","וַיִּקְטֹל עִבְרִי לִצְחוֹק."
"וַיָּקוּם","s/he rose, got up","וַיִּקְטֹל עִבְרִי לַקִּימָה."
"עוֹד","still, more, again","עִבְרִית od. חֶלְקִיק הֶמְשֵׁכִי."
"וַיִּמָּלֵט","s/he escaped","וַיִּקְטֹל עִבְרִי לִבְרִיחָה."
"חָזָר","back, returning","תֵּאוּר עִבְרִי לִתְנוּעַת חֲזָרָה."
"רֶגֶל","foot","עִבְרִית regel. אוֹצַר מִלִּים שֶׁל גּוּף."
"הָרָטוֹב","the wet (substantive)","תֹּאַר עִבְרִי בְּשִׁמּוּשׁ כְּשֵׁם עִם ה־ הַיְּדִיעָה."
"וַיַּחְלִיק","s/he slipped","וַיִּקְטֹל עִבְרִי לְהַחְלָקָה."
"וַיָּעֻפוּ","they flew","וַיִּקְטֹל עִבְרִי לְעִפְעוּף/פִּזּוּר."
"וַיִּתְפַּזְּרוּ","they scattered","וַיִּקְטֹל עִבְרִי לְהִתְפַּזְּרוּת."
"כַּאֲסוּנַאק","like stones","כְּ עִבְרִי הַשְׁוָאָתִי + אֲסוּן אַלְגוֹנְקְוִינִי (אֶבֶן) + רִבּוּי חַי -אַק. אֲבָנִים חַיּוֹת—הֵן מִשְׁתַּתְּפוֹת בָּעוֹלָם."
"אֲסוּן / אֲסוּנַאק","stone/stones","לֶנַאפֶּה asun. לוֹקֵחַ רִבּוּי חַי כִּי אֲבָנִים חֲשׁוּבוֹת, הֵן מִשְׁתַּתְּפוֹת בָּעוֹלָם."
"וַיִּכְרַע","s/he knelt","וַיִּקְטֹל עִבְרִי לִכְרִיעָה."
"לְקַבֵּץ","to gather, collect","מָקוֹר עִבְרִי."
"וַיִּתְגַּלְגֵּל","it rolled","וַיִּקְטֹל עִבְרִי לְהִתְגַּלְגְּלוּת."
"וַיַּבְרֵק","it flashed","וַיִּקְטֹל עִבְרִי לְהַבְזָקָה."
"סַפָּה","couch, sofa","עִבְרִית sapah. אוֹצַר מִלִּים שֶׁל רָהִיטִים."
"וַיָּאֶר","it lit, illuminated","וַיִּקְטֹל עִבְרִי לְהֶאָרָה."
"מִלְּמַטָּה","from below","צֵרוּף יַחַס עִבְרִי."
"קַרְסֻלַּיִם","ankles","עִבְרִית karsulayim, צוּרַת זוּג. אוֹצַר מִלִּים שֶׁל גּוּף."
"וַיִּרְקְדוּ","they danced","וַיִּקְטֹל עִבְרִי לְרִקּוּד."
"בְּלִי רָצוֹן","without intention, unwillingly","בִּטּוּי עִבְרִי: בְּלִי + רָצוֹן. מֻפְשָׁט/פְּסִיכוֹלוֹגִי."
"כֹּחַ","power, strength, electricity","עִבְרִית koach. אוֹצַר מִלִּים שֶׁל כֹּחַ מֻפְשָׁט/פִיזִי."
"וַיָּשָׁב","it returned","וַיִּקְטֹל עִבְרִי לַחֲזָרָה."
"וַיֵּאֹרוּ","they were lit, came on","וַיִּקְטֹל עִבְרִי סָבִיל לְהֶדְלָקַת אוֹרוֹת."
"וַיִּגָּלוּ","they were revealed","וַיִּקְטֹל עִבְרִי סָבִיל. חֲשִׂיפָה פִּתְאוֹמִית."
"אָחוּז","grasping, clutching","בֵּינוֹנִי עִבְרִי סָבִיל. מַצָּב שֶׁל אֲחִיזָה."
"מְעִיל","coat","עִבְרִית me'il, יָחִיד."
"כֹּרֵעַ","kneeling","בֵּינוֹנִי עִבְרִי. מַצָּב שֶׁל כְּרִיעָה."
"בֵּין","among, between","יַחַס עִבְרִי."
"שׁוֹרֵק","hissing, whistling","בֵּינוֹנִי עִבְרִי לִצְלִיל שְׁרִיקָה."
"שָׂפָה","edge, lip, rim","עִבְרִית safah. שָׂפַת כְּלִי."
"וַיִּרְאוּ","they saw, looked","וַיִּקְטֹל עִבְרִי לִרְאִיָּה."
"וַיִּצְחְקוּ","they laughed (together)","וַיִּקְטֹל עִבְרִי רִבּוּי. צְחוֹק מְשֻׁתָּף בְּלִי נוֹשֵׂא מְפֹרָשׁ."
"וְהָיָה","and it shall be (consequential)","מִבְנֶה וְקָטַל עִבְרִי. הוֹפֵךְ סִפּוּר חַד-פַּעֲמִי לְדֶפֶס קָבוּעַ."
"כָּל־פַּעַם","every time, whenever","בִּטּוּי עִבְרִי: כָּל + פַּעַם."
"אֲשֶׁר","that, which (relativizer)","זִקָּה עִבְרִית."
"יִרְעֲדוּ","they tremble","עָתִיד עִבְרִי. רְעִידָה עֲתִידִית/רְגִילָה."
"מִכָּאן וָהָלְאָה","thereafter, from here on","בִּטּוּי עִבְרִי: מִכָּאן וְהָלְאָה."
"וְאָחֲזוּ","they shall seize","וְקָטַל עִבְרִי לִפְעֻלָּה עֲתִידִית תּוֹצָאָתִית."
"מִנִיקְוָאגַנֵיהֶם","their cups","גֶּזַע אַלְגוֹנְקְוִינִי לְ'כּוֹסוֹת' + אַחְרָא קִנְיָן עִבְרִי -הֶם. מוֹרְפוֹלוֹגְיָה הִיבְּרִידִית."
"וְעָמְדוּ","they shall stand","וְקָטַל עִבְרִי."
"רָחוֹק","far, distant","תֹּאַר עִבְרִי."
"שֻׁלְחָן","table","עִבְרִית shulchan. אוֹצַר מִלִּים שֶׁל רָהִיטִים."
"שֻׁלְחָנִינְק","at the table (locative)","שֵׁם עִבְרִי + אַחְרָא לוֹקָטִיב אַלְגוֹנְקְוִינִי."
"לֵנוּ","person (singular)","לֶנַאפֶּה lənuw. צוּרַת בָּסִיס לִפְנֵי רִבּוּי."
"נְ־ / נֶ־","we (1st person prefix)","קַדְמָא גּוּף אַלְגוֹנְקְוִינִי. מִתְחַבֵּר לְפֹעֲלִים וּשְׁמוֹת בְּקִנְיָן."
"קְ־ / כְּ־","you (2nd person prefix)","קַדְמָא גּוּף אַלְגוֹנְקְוִינִי."
"וְ־","s/he (3rd person prefix)","קַדְמָא גּוּף אַלְגוֹנְקְוִינִי."
"־ינְק / ־ֶנְק","locative suffix","אַחְרָא אַלְגוֹנְקְוִינִי לְמָקוֹם: בְּ, עַל, לְיַד."
"־אֵשׁ / ־שׁ","diminutive suffix","אַחְרָא אַלְגוֹנְקְוִינִי לִקְטַנּוּת, חִבָּה, גִּיל צָעִיר."
"־וָא","obviative suffix","אַחְרָא אַלְגוֹנְקְוִינִי לְסִימּוּן 'הָאַחֵר' בְּמַעֲקָב שִׂיחָה."
"־אַק / ־וָאק","animate plural suffix","אַחְרָא אַלְגוֹנְקְוִינִי לְרִבּוּי שֵׁמוֹת חַיִּים."
"וְ־ / וּ־","and (conjunction)","חִבּוּר עִבְרִי. הַחוּט שֶׁתּוֹפֵר פִּסְקָאוֹת יַחַד."
"בְּ־","in, at, with (preposition)","יַחַס נִסְמָךְ עִבְרִי."
"לְ־","to, for (preposition)","יַחַס נִסְמָךְ עִבְרִי."
"מִ־ / מִן","from (preposition)","יַחַס נִסְמָךְ עִבְרִי."
"הַ־ / ה־","the (definite article)","ה־ הַיְּדִיעָה עִבְרִי. מִתְחַבֵּר בְּשִׂמְחָה לְשֵׁמוֹת אַלְגוֹנְקְוִינִיִּים."
"שֶׁ־","that, which (relativizer)","זִקָּה נִסְמֶכֶת עִבְרִית."
"הִנֵּה","behold, look","חֶלְקִיק שִׂיחָה עִבְרִי. מְצִיג."
"הֲרֵי","indeed, surely","חֶלְקִיק שִׂיחָה עִבְרִי. מַדְגִּישׁ."
"גַּם","also, too","חֶלְקִיק שִׂיחָה עִבְרִי. מוֹסִיף."
"רַק","only, just","חֶלְקִיק שִׂיחָה עִבְרִי. מַגְבִּיל."
"כְּבָר","already","חֶלְקִיק שִׂיחָה עִבְרִי. אַסְפֶּקְט שָׁלֵם."
"אוּלַי","perhaps, maybe","חֶלְקִיק שִׂיחָה עִבְרִי. מוֹדָלִי."
"עַתָּה","now","חֶלְקִיק זְמַן עִבְרִי."
"תָּמִיד","always, continually","חֶלְקִיק זְמַן עִבְרִי. אַסְפֶּקְט הֶרְגֵּלִי."
"מַהִיקַנִּיטָאךְ","Mahikanítakh (Hudson Valley)","שֵׁם הִיבְּרִידִי: מָהִיקָאן Mahicannituck ('הַנָּהָר שֶׁזּוֹרֵם לִשְׁנֵי הַכִּוּוּנִים') + אַחְרָא טֶרִיטוֹרְיָאלִי עִבְרִי -ítakh. מוֹלֶדֶת הַשָּׂפָה."
"רַב","rabbi, teacher","עִבְרִית rav. אוֹצַר מִלִּים דָּתִי."
"בְּרָכָה","blessing","עִבְרִית b'rakhah. אוֹצַר מִלִּים דָּתִי."
"שָׁלוֹם","peace","עִבְרִית shalom. בְּרָכָה וּמֻשָּׂג."
"תְּפִלָּה / לְהִתְפַּלֵּל","prayer, to pray","אוֹצַר מִלִּים דָּתִי עִבְרִי."
"תּוֹרָה","Torah, teaching","עִבְרִית. מֻשָּׂג דָּתִי מֶרְכָּזִי."
"מִצְוָה","commandment","עִבְרִית mitzvah. אוֹצַר מִלִּים אֶתִי-דָּתִי."
"קָדוֹשׁ","holy, sacred","עִבְרִית kadosh. אוֹצַר מִלִּים דָּתִי."
"שַׁבָּת","Sabbath","עִבְרִית shabbat. אוֹצַר מִלִּים שֶׁל לוּחַ."
"קָאפֵּיוָאבּוֹ","coffee","אַלְגוֹנְקְוִינִי kaapewabo. אוֹצַר מִלִּים שֶׁל מַשְׁקָאוֹת."
"אַנִיבִּישָׁאבוֹ","tea","אַלְגוֹנְקְוִינִי anibiishaabo. אוֹצַר מִלִּים שֶׁל מַשְׁקָאוֹת."
"אִינִינָאטִיגוֹ נָאמִינָאס","maple syrup","אַלְגוֹנְקְוִינִי ininaatigo naaminas. אוֹצַר מִלִּים שֶׁל אֹכֶל מֵהָאָרֶץ."
"אָמוֹ־סִיזִיבָּאקְוַאד","honey","אַלְגוֹנְקְוִינִי aamo-sizibaakwad. אוֹצַר מִלִּים מָתוֹק."
"מַנְדָּאמִין","corn","אַלְגוֹנְקְוִינִי mandaamin. אוֹצַר מִלִּים חַקְלָאִי."
"וָאבוֹז","rabbit","אַלְגוֹנְקְוִינִי waaboz. אוֹצַר מִלִּים שֶׁל חַיּוֹת."
"וָאבוֹזְס","little rabbit (diminutive)","אַרְנֶבֶת + הַקְטָנָה -ס."
"אַנִימוֹשׁ","dog","אַלְגוֹנְקְוִינִי animosh. אוֹצַר מִלִּים שֶׁל חַיּוֹת."
"קָאג׳אַגֶנְס","cat","אַלְגוֹנְקְוִינִי kaajagens. אוֹצַר מִלִּים שֶׁל חַיּוֹת."
"פִּינֶשִׁינְג׳","bird","אַלְגוֹנְקְוִינִי pineshiinj. אוֹצַר מִלִּים שֶׁל חַיּוֹת."
"קִינִיו מִיגְוַאן","eagle feather","אַלְגוֹנְקְוִינִי kiniw miigwan. אוֹצַר מִלִּים טִקְסִי."
"טֶוֶוהִיגַן","drum","אַלְגוֹנְקְוִינִי tewehigan. אוֹצַר מִלִּים טִקְסִי."
"נַאסֵמָא","tobacco","אַלְגוֹנְקְוִינִי nasemaa. רְפוּאָה קְדוֹשָׁה."
"קִיזִ׳יק","cedar","אַלְגוֹנְקְוִינִי kiijik. רְפוּאָה קְדוֹשָׁה."
"נוֹקְוֶוַאשְׁק","sweetgrass","אַלְגוֹנְקְוִינִי nokwewashk. רְפוּאָה קְדוֹשָׁה."
"אַפָּאבוֹוַאשְׁק","sage","אַלְגוֹנְקְוִינִי apabowashk. רְפוּאָה קְדוֹשָׁה."
"קִיטִיזִי","elder","אַלְגוֹנְקְוִינִי kitizi. אוֹצַר מִלִּים שֶׁל קִרְבָה/כָּבוֹד."
"וִידְ׳ג׳יקִיוֶוֵי","friend","אַלְגוֹנְקְוִינִי wiijikiwewe. אוֹצַר מִלִּים חֶבְרָתִי."
"וִידְ׳ג׳יגֶנְדָּאגַן","neighbor","אַלְגוֹנְקְוִינִי wiijigendaagan. אוֹצַר מִלִּים חֶבְרָתִי."
"וִידִיגֶמָאגַן","wife, husband, spouse","אַלְגוֹנְקְוִינִי wiidigemaaagan. אוֹצַר מִלִּים שֶׁל קִרְבָה."
"אָנִיקֶה־מִישׁוֹמִיסִינָאבַנֶג","ancestor(s)","אַלְגוֹנְקְוִינִי aanike-mishoomisinabaneg. אוֹצַר מִלִּים שֶׁל קִרְבָה."
"פִּיקְוַאדִין","mountain","אַלְגוֹנְקְוִינִי pikwaadin. אוֹצַר מִלִּים שֶׁל אָרֶץ."
"פַּאנְגִישִׁימוֹ","sunset","אַלְגוֹנְקְוִינִי pangishimo. אוֹצַר מִלִּים שֶׁל זְמַן/טֶבַע."
"מוֹקַאהַם","sunrise","אַלְגוֹנְקְוִינִי mookaham. אוֹצַר מִלִּים שֶׁל זְמַן/טֶבַע."
"מוֹשְׁקִינֶה אַפְּקִיזִי טִיבִּיק־קִיזִיס","full moon","אַלְגוֹנְקְוִינִי: מָלֵא + זוֹרֵחַ + שֶׁמֶשׁ-לַיְלָה. אוֹצַר מִלִּים אַסְטְרוֹנוֹמִי."
"וָאבִיגוֹן","flower","אַלְגוֹנְקְוִינִי waabigon. אוֹצַר מִלִּים שֶׁל צְמָחִים."
"מִינִיקַאן","seeds","אַלְגוֹנְקְוִינִי miinikan. אוֹצַר מִלִּים חַקְלָאִי."
"אוֹנְדַאמִיטַא","to work","אַלְגוֹנְקְוִינִי ondamita. אוֹצַר מִלִּים שֶׁל פְּעֻלָּה."
"אוֹדַאמִינוֹ","to play","אַלְגוֹנְקְוִינִי odamino. אוֹצַר מִלִּים שֶׁל פְּעֻלָּה."
"נִיבָּא","to sleep","אַלְגוֹנְקְוִינִי nibaa. אוֹצַר מִלִּים שֶׁל פְּעֻלָּה."
"קוֹשְׁקוֹזִי","to wake up","אַלְגוֹנְקְוִינִי koshkozi. אוֹצַר מִלִּים שֶׁל פְּעֻלָּה."
"פָּאפִּי","to laugh","אַלְגוֹנְקְוִינִי paapi. אוֹצַר מִלִּים רִגְשִׁי."
"מַאוִוי","to cry","אַלְגוֹנְקְוִינִי mawi. אוֹצַר מִלִּים רִגְשִׁי."
"פַּאפִּינְגְוֶנִי","to smile","אַלְגוֹנְקְוִינִי papingweni. אוֹצַר מִלִּים רִגְשִׁי."
"פָּאפִּינֶנִינְדַאם","happy","אַלְגוֹנְקְוִינִי paapinenindam. אוֹצַר מִלִּים רִגְשִׁי."
"קַאשְׁקֶנִינְדַאם","sad","אַלְגוֹנְקְוִינִי kashkenindam. אוֹצַר מִלִּים רִגְשִׁי."
"נִישְׁקַאדִיסִי","angry","אַלְגוֹנְקְוִינִי nishkaadisi. אוֹצַר מִלִּים רִגְשִׁי."
"בּוּז׳וּ","hello, greetings","אוֹגִ׳יבְוֶוֵי boozhoo. בְּרָכָה מֵאַלְגוֹנְקְוִין מֶרְכָּזִי."
"מִיגְוֶוץ׳","thank you","אוֹגִ׳יבְוֶוֵי miigwech. אוֹצַר מִלִּים שֶׁל הוֹדָיָה."
"אָאנִין","how? why?","אוֹגִ׳יבְוֶוֵי aaniin. מִלַּת שְׁאֵלָה."
"אָאנִין אַפִּי","when?","אוֹגִ׳יבְוֶוֵי aaniin apii. מִלַּת שְׁאֵלָה."
"אַלַּאנְקְוֶה","star","לֶנַאפֶּה allanque. אוֹצַר מִלִּים אַסְטְרוֹנוֹמִי."
"אַלַאפַּא","tomorrow","לֶנַאפֶּה alappa. אוֹצַר מִלִּים שֶׁל זְמַן."
"אֶלֶמִי","today (sometime today)","לֶנַאפֶּה elemi לְ'מָתַי הַיּוֹם.' עִבְרִית הַיּוֹם לְזְמַן מֻפְשָׁט."
"אַוּוֶן","who? somebody","לֶנַאפֶּה auwen. מִלַּת שְׁאֵלָה/כִּנּוּי לֹא-מְיֻחָד."
"אַטַּא","no, not","לֶנַאפֶּה atta. שְׁלִילָה."
"אַוּוֹן","fog, mist","לֶנַאפֶּה awonn. אוֹצַר מִלִּים שֶׁל מֶזֶג אֲוִיר."
"אַסִּיסְקוּ","mud, clay","לֶנַאפֶּה assisku. אוֹצַר מִלִּים שֶׁל אָרֶץ."
"אַוֶוסִּיס","beast, animal","לֶנַאפֶּה awessis. אוֹצַר מִלִּים שֶׁל חַיּוֹת."
"אֶלֶמוּקוּלֶק","river bend, in the bend of the river","לֶנַאפֶּה elemukulek. אוֹצַר מִלִּים גֵּאוֹגְרָפִי."
"מוֹקוֹמָאן","knife","אַלְגוֹנְקְוִינִי mookoman. אוֹצַר מִלִּים שֶׁל כְּלֵי עֲבוֹדָה."
"אֶמִיקְוָאן","spoon","אַלְגוֹנְקְוִינִי emikwaan. אוֹצַר מִלִּים שֶׁל כְּלֵי עֲבוֹדָה."
"פַּאדַאקַאהִיגַן","fork","אַלְגוֹנְקְוִינִי padakahigan. אוֹצַר מִלִּים שֶׁל כְּלֵי עֲבוֹדָה."
"סָאסֶקְוָאן","frying pan","אַלְגוֹנְקְוִינִי saasekwaan. אוֹצַר מִלִּים שֶׁל בִּשּׁוּל."
"אוֹנָאגַן","plate","אַלְגוֹנְקְוִינִי onaagan. אוֹצַר מִלִּים שֶׁל סְעֻדָּה."
"אַקְוָאנְדַאוָאגַן","stairs","אַלְגוֹנְקְוִינִי akwaandawaagan. אוֹצַר מִלִּים אֲדְרִיכָלִי."
"אַגְוַאדְ׳ז׳ינְג","outside","אַלְגוֹנְקְוִינִי agwaajiing. אוֹצַר מִלִּים מֶרְחָבִי."
"מַאדוֹדִיסוֹן","sweat lodge","אַלְגוֹנְקְוִינִי madoodison. אוֹצַר מִלִּים טִקְסִי."
"אוֹפְּוָאגַן","pipe","אַלְגוֹנְקְוִינִי opwaagan. אוֹצַר מִלִּים טִקְסִי."
"מַאגוֹשֶׁוִוין","feast","אַלְגוֹנְקְוִינִי magoshewin. אוֹצַר מִלִּים טִקְסִי."
"אִיזִ׳יטְוָאוִוין","ceremony","אַלְגוֹנְקְוִינִי iijitwaawin. אוֹצַר מִלִּים טִקְסִי."
"מַאשְׁקִיקִיוִוינִינִי / מַאשְׁקִיקִיקְוֶוֵי","medicine man/woman","אַלְגוֹנְקְוִינִי mashkikiiwininii / mashkikiikwe. אוֹצַר מִלִּים טִקְסִי."
"פִּיקוֹגָאן","teepee","אַלְגוֹנְקְוִינִי pikogaan. אוֹצַר מִלִּים שֶׁל מִשְׁכָּן."
"מַאמַאנְדוֹסֶה קִיז׳יק","pow wow, gathering day","אַלְגוֹנְקְוִינִי mamandose kiijik. אוֹצַר מִלִּים טִקְסִי."
"סוֹמָאנִיקִי","penny","אַלְגוֹנְקְוִינִי soomaniki. אוֹצַר מִלִּים שֶׁל כֶּסֶף."
"נִיזְ׳ וָאבִּיק","dollar (two)","אַלְגוֹנְקְוִינִי niij waabik. אוֹצַר מִלִּים שֶׁל כֶּסֶף."
"טִיבַּאהִיגִיזִיסְוָאן","clock","אַלְגוֹנְקְוִינִי tibahigiziswan. אוֹצַר מִלִּים שֶׁל זְמַן."
"טִיבַּאהִיגַן","hour","אַלְגוֹנְקְוִינִי tibahigan. אוֹצַר מִלִּים שֶׁל זְמַן."
"טִיבַּאהִיגָאנְס","minute","אַלְגוֹנְקְוִינִי tibahigaans. אוֹצַר מִלִּים שֶׁל זְמַן."
"פִּיסִי־טִיבַּאהִיגָאנְס","second (time)","אַלְגוֹנְקְוִינִי pisi-tibahigaans. אוֹצַר מִלִּים שֶׁל זְמַן."
"אָבִּיטָא־טִיבִּיקַד","midnight","אַלְגוֹנְקְוִינִי aabitaa-tibikad. אוֹצַר מִלִּים שֶׁל זְמַן."
"קַדְמָא","prefix (grammatical term)","מֻנָּח דִּקְדּוּקִי בְּסִגְנוֹן עִבְרִי: 'מָה שֶׁבָּא לִפְנֵי.'"
"אַחְרָא","suffix (grammatical term)","מֻנָּח דִּקְדּוּקִי בְּסִגְנוֹן עִבְרִי: 'מָה שֶׁבָּא אַחֲרֵי.'"
"פֹּעֲלָא / פֹּעַל","verb (grammatical term)","עִבְרִית po'al. אוֹצַר מִלִּים דִּקְדּוּקִי."
"שֵׁם / שְׁמָא","noun (grammatical term)","עִבְרִית shem. אוֹצַר מִלִּים דִּקְדּוּקִי."
"לוֹקָטִיב","locative (grammatical term)","מֻנָּח דִּקְדּוּקִי מֻשְׁאָל."
"פֵּירוּשׁוֹ","its meaning, it means","עִבְרִית: פֵּירוּשׁ שֶׁלּוֹ."
"מִלָּה","word","עִבְרִית millah. אוֹצַר מִלִּים מֶטָא-לָשׁוֹנִי."
"לָשׁוֹן","language","עִבְרִית lashon. אוֹצַר מִלִּים מֶטָא-לָשׁוֹנִי."
"שָׁלוֹם־וְאָנִי / וְלַאלִינְטַאם","peace and gratitude (closing)","סִיּוּם הִיבְּרִידִי: עִבְרִית shalom + הוֹדָיָה אַלְגוֹנְקְוִינִית."

"פֵּייָאק","one (everyday)","מִסְפָּר אַלְגוֹנְקְוִינִי לִסְפִירָה יוֹם-יוֹמִית. כְּשֶׁאַתָּה סוֹפֵר חֲפָצִים אוֹ אוֹמֵר 'תֵּן לִי אֶחָד'—פֵּייָאק. לֹא לִתְפִלָּה."
"נִיזְ׳","two (everyday)","מִסְפָּר אַלְגוֹנְקְוִינִי לִשְׁנַיִם. 'שְׁנֵי יְלָדִים'—נִיזְ׳ אֲבִינוֹדְיִינַאק. לִסְפִירָה רְגִילָה."
"נִיסְוִי","three (everyday)","מִסְפָּר אַלְגוֹנְקְוִינִי לִשְׁלֹשָׁה. 'שְׁלֹשָׁה דְּרָכִים'—נִיסְוִי תְּמָקָאנַאק."
"נִיוִין","four (everyday)","מִסְפָּר אַלְגוֹנְקְוִינִי לְאַרְבָּעָה. אַרְבַּע כִּוּוּנִים, אַרְבַּע עוֹנוֹת בְּדִבּוּר רָגִיל."
"נָאנַאן","five (everyday)","מִסְפָּר אַלְגוֹנְקְוִינִי לַחֲמִשָּׁה. חָמֵשׁ אֶצְבָּעוֹת—קָשׁוּר לַיָּד."
"נִינְגוֹדְוָאסְוִי","six (everyday)","מִסְפָּר אַלְגוֹנְקְוִינִי לְשִׁשָּׁה. סְפִירָה יוֹם-יוֹמִית."
"נִיזְ׳וָאסְוִי","seven (everyday)","מִסְפָּר אַלְגוֹנְקְוִינִי לְשִׁבְעָה. שֶׁבַע כּוֹסוֹת עַל הַשֻׁלְחָן—יוֹם-יוֹמִי, לֹא שַׁבָּת."
"נִישְׁוָאסְוִי","eight (everyday)","מִסְפָּר אַלְגוֹנְקְוִינִי לִשְׁמוֹנָה. שְׁמוֹנָה בֵּיצִים בַּסַּל."
"זְ׳אַנְגַאסְוִי","nine (everyday)","מִסְפָּר אַלְגוֹנְקְוִינִי לְתִשְׁעָה. תִּשְׁעָה כּוֹכָבִים נִרְאִים הַלַּיְלָה."
"מִידָאסְוִי","ten (everyday)","מִסְפָּר אַלְגוֹנְקְוִינִי לַעֲשָׂרָה. סְפִירַת יָד שְׁלֵמָה, בָּסִיס הַמִּנְיָן."
"נִיזְ׳טַנָא","twenty","אַלְגוֹנְקְוִינִי, פֵּירוּשׁוֹ 'שְׁתֵּי עֲשָׂרוֹת.' מִסְפָּרִים גְּדוֹלִים מְצָרְפִים אֶת הַבָּסִיס."
"נִינְגוֹדְוָאק","hundred","אַלְגוֹנְקְוִינִי לְמֵאָה. לְכַמּוּיוֹת גְּדוֹלוֹת בְּיוֹם-יוֹם."
"אֶחָד","one (sacred)","מִסְפָּר עִבְרִי לִסְפִירָה קְדוֹשָׁה. כְּשֶׁסּוֹפְרִים בִּתְפִלָּה, בִּבְרָכָה, בְּטֶקְסְט קָדוֹשׁ. שְׁמַע יִשְׂרָאֵל... ה׳ אֶחָד."
"שְׁנַיִם","two (sacred)","מִסְפָּר עִבְרִי. שְׁנֵי לוּחוֹת הַבְּרִית, מֻשָּׂגִים זוּגִיִּים שֶׁל תּוֹרָה."
"שְׁלֹשָׁה","three (sacred)","מִסְפָּר עִבְרִי. שְׁלֹשָׁה אָבוֹת, שָׁלֹשׁ תְּפִלּוֹת יוֹם."
"אַרְבָּעָה","four (sacred)","מִסְפָּר עִבְרִי. אַרְבַּע אִמָּהוֹת, אַרְבַּע כּוֹסוֹת בְּפֶסַח, אַרְבַּע קֻשְׁיוֹת."
"חֲמִשָּׁה","five (sacred)","מִסְפָּר עִבְרִי. חֲמִשָּׁה חֻמְשֵׁי תּוֹרָה."
"שִׁשָּׁה","six (sacred)","מִסְפָּר עִבְרִי. שֵׁשֶׁת יְמֵי בְרֵאשִׁית לִפְנֵי מְנוּחָה."
"שִׁבְעָה","seven (sacred)","מִסְפָּר עִבְרִי קָדוֹשׁ מְאֹד. שִׁבְעַת יְמֵי אֲבֵלוּת, שֶׁבַע בְּרָכוֹת, הַשָּׁבוּעַ הַקָּדוֹשׁ."
"שְׁמוֹנָה","eight (sacred)","מִסְפָּר עִבְרִי. שְׁמוֹנַת יְמֵי חֲנֻכָּה, בְּרִית בַּיּוֹם הַשְּׁמִינִי."
"תִּשְׁעָה","nine (sacred)","מִסְפָּר עִבְרִי. תִּשְׁעָה בְּאָב, הַתִּשְׁעָה לְאָב."
"עֲשָׂרָה","ten (sacred)","מִסְפָּר עִבְרִי. עֲשֶׂרֶת הַדִּבְּרוֹת, עֶשֶׂר מַכּוֹת, מִנְיַן עֲשָׂרָה."
"רִאשׁוֹן","first (ordinal)","סֵדֶר עִבְרִי לְהֶקְשֵׁר לִיטוּרְגִּי וְרִשְׁמִי."
"שֵׁנִי","second (ordinal)","סֵדֶר עִבְרִי. הַיּוֹם הַשֵּׁנִי, הַקְּרִיאָה הַשְּׁנִיָּה."
"שְׁלִישִׁי","third (ordinal)","סֵדֶר עִבְרִי. עֲלִיָּה שְׁלִישִׁית, חֵלֶק שְׁלִישִׁי."
"יוֹם רִאשׁוֹן","Sunday","עִבְרִית, פֵּירוּשָׁהּ 'יוֹם רִאשׁוֹן.' הַשָּׁבוּעַ מַתְחִיל אַחֲרֵי מוֹצָאֵי שַׁבָּת."
"יוֹם שֵׁנִי","Monday","עִבְרִית, 'יוֹם שֵׁנִי.' הַיָּמִים סוֹפְרִים לִקְרַאת שַׁבָּת."
"יוֹם שְׁלִישִׁי","Tuesday","עִבְרִית, 'יוֹם שְׁלִישִׁי.' בַּיּוֹם הַזֶּה אָמַר אֱלֹהִים 'כִּי טוֹב' פַּעֲמַיִם."
"יוֹם רְבִיעִי","Wednesday","עִבְרִית, 'יוֹם רְבִיעִי.' הַמְּאוֹרוֹת נִבְרְאוּ—שֶׁמֶשׁ, יָרֵחַ, כּוֹכָבִים."
"יוֹם חֲמִישִׁי","Thursday","עִבְרִית, 'יוֹם חֲמִישִׁי.' דָּגִים וְעוֹפוֹת נִבְרְאוּ."
"יוֹם שִׁשִּׁי / עֶרֶב שַׁבָּת","Friday","עִבְרִית 'יוֹם שִׁשִּׁי' אוֹ 'עֶרֶב שַׁבָּת.' הֲכָנָה, צִפִּיָּה."
"שַׁבָּת","Saturday, Sabbath","עִבְרִית שַׁבָּת. לֹא 'יוֹם שְׁבִיעִי'—יֵשׁ לָהּ שֵׁם מְיֻחָד, עֲטֶרֶת הַשָּׁבוּעַ."
"מַנִידוֹ־גִיזִיס","Spirit Moon (January)","אַלְגוֹנְקְוִינִי. הַחֹדֶשׁ הַכִּי קַר כְּשֶׁהָרוּחוֹת קְרוֹבוֹת. שְׁמוֹת יְרָחִים אַלְגוֹנְקְוִינִיִּים לַלּוּחַ הַטִּבְעִי."
"מַקְוָא־גִיזִיס","Bear Moon (February)","אַלְגוֹנְקְוִינִי. הַדֻּבִּים עוֹד בַּמְּאוּרָה, חוֹלְמִים אֶת חֲלוֹמוֹתֵיהֶם הָאֲרֻכִּים."
"זִיזִיבָּאקְוַאד־גִיזִיס","Sugar Moon (March)","אַלְגוֹנְקְוִינִי. הַשְּׁרָף זוֹרֵם, זְמַן הֲכָנַת הַסֻּכָּר."
"נַאמֶבִּין־גִיזִיס","Sucker Moon (April)","אַלְגוֹנְקְוִינִי. דְּגֵי הַסָּאקֶר חוֹזְרִים לְהַטִּיל."
"וָאבִיגוֹן־גִיזִיס","Flower Moon (May)","אַלְגוֹנְקְוִינִי. פְּרָחִים פּוֹרְחִים בְּכָל הָאָרֶץ."
"אוֹדֵא־מִין־גִיזִיס","Strawberry Moon (June)","אַלְגוֹנְקְוִינִי. תּוּתֵי יַעַר מַבְשִׁילִים, בִּכּוּרִים."
"מִיסְקְוִימִין־גִיזִיס","Raspberry Moon (July)","אַלְגוֹנְקְוִינִי. פְּטֶלִים עַכְשָׁיו, לֵב הַקַּיִץ."
"מַנוֹמִינִיקֵא־גִיזִיס","Ricing Moon (August)","אַלְגוֹנְקְוִינִי. זְמַן קְצִירַת אוֹרֶז הַבָּר."
"וָאטֶבַּאגָא־גִיזִיס","Falling Leaves Moon (September)","אַלְגוֹנְקְוִינִי. עָלִים מִשְׁתַּנִּים וְנוֹפְלִים, שִׁנּוּי בָּא."
"גַאשְׁקַאדִין־גִיזִיס","Freezing Moon (October)","אַלְגוֹנְקְוִינִי. כְּפוֹרוֹת רִאשׁוֹנִים קָשִׁים, הַמַּיִם מַתְחִילִים לִשְׁקֹט."
"בַּאשְׁקַאקוֹדִין־גִיזִיס","Freezing-Over Moon (November)","אַלְגוֹנְקְוִינִי. הָאֲגַמִּים קוֹפְאִים לְגַמְרֵי עַכְשָׁיו."
"מַנִידוֹנְס־גִיזִיס","Little Spirit Moon (December)","אַלְגוֹנְקְוִינִי. הַזְּמַן הַכִּי חָשׁוּךְ, רוּחוֹת קְטַנּוֹת, הַמְתָּנָה שְׁקֵטָה."
"גִיזִיס","moon, month","אַלְגוֹנְקְוִינִי. הַמִּלָּה גַּם לַיָּרֵחַ וְגַם לַחֹדֶשׁ—הַזְּמַן נִמְדָּד בַּשָּׁמַיִם."
"תִּשְׁרֵי","Tishrei","עִבְרִית. חֹדֶשׁ הַחַגִּים—רֹאשׁ הַשָּׁנָה, יוֹם כִּפּוּר, סֻכּוֹת. הַלּוּחַ הַדָּתִי בְּעִבְרִית."
"חֶשְׁוָן","Cheshvan","עִבְרִית. הַחֹדֶשׁ הַ'מַּר'—בְּלִי חַגִּים, סְתָם חַיִּים."
"כִּסְלֵו","Kislev","עִבְרִית. חֲנֻכָּה נוֹפֶלֶת כָּאן, אוֹר בַּחֹשֶׁךְ."
"טֵבֵת","Tevet","עִבְרִית. חֹרֶף עָמֹק, צוֹם הָעֲשִׂירִי."
"שְׁבָט","Shevat","עִבְרִית. ט״ו בִּשְׁבָט, רֹאשׁ הַשָּׁנָה לָאִילָנוֹת."
"אֲדָר","Adar","עִבְרִית. חֹדֶשׁ פּוּרִים, הַשִּׂמְחָה מִתְרַבָּה."
"נִיסָן","Nisan","עִבְרִית. חֹדֶשׁ פֶּסַח, שִׁחְרוּר וְאָבִיב."
"אִיָּר","Iyyar","עִבְרִית. סְפִירַת הָעֹמֶר, בֵּין שִׁחְרוּר לְמַתַּן תּוֹרָה."
"סִיוָן","Sivan","עִבְרִית. שָׁבוּעוֹת, קַבָּלַת הַתּוֹרָה."
"תַּמּוּז","Tammuz","עִבְרִית. חֹם הַקַּיִץ, צוֹם שִׁבְעָה עָשָׂר."
"אָב","Av","עִבְרִית. תִּשְׁעָה בְּאָב, הַיּוֹם הָעָצוּב בְּיוֹתֵר, וְאַחַר כָּךְ נֶחָמָה בָּאָה."
"אֱלוּל","Elul","עִבְרִית. חֹדֶשׁ הַתְּשׁוּבָה, שׁוֹפָר כָּל בֹּקֶר, הֲכָנַת הַלֵּב."
"זִיגְוַאן","spring","אַלְגוֹנְקְוִינִי. זְמַן הַהַפְשָׁרָה, הַשְּׁרָף עוֹלֶה, הַצִּפֳּרִים חוֹזְרוֹת."
"נִיבִּין","summer","אַלְגוֹנְקְוִינִי. זְמַן הַצְּמִיחָה, יָמִים אֲרֻכִּים, שֶׁפַע."
"דַאגְוָאגִין","autumn, fall","אַלְגוֹנְקְוִינִי. זְמַן הַקָּצִיר, הֲכָנָה, צְבָעִים מִשְׁתַּנִּים."
"בִּיבּוֹן","winter","אַלְגוֹנְקְוִינִי. זְמַן הַשֵּׁינָה, לֵילוֹת אֲרֻכִּים, סִפּוּרִים לְיַד הָאֵשׁ."
"גִימִיוַאן","rain","אַלְגוֹנְקְוִינִי. מַיִם יוֹרְדִים מֵהַשָּׁמַיִם, נוֹתְנֵי חַיִּים."
"גּוֹן","snow","אַלְגוֹנְקְוִינִי. הַשְּׂמִיכָה הַלְּבָנָה, כִּסּוּי הַחֹרֶף."
"נוֹדִין","wind","אַלְגוֹנְקְוִינִי. נְשִׁימַת הָעוֹלָם, נוֹשֵׂא מֶזֶג הָאֲוִיר."
"אַנִימִיקִי","storm","אַלְגוֹנְקְוִינִי. יְצוּר הָרַעַם, כֹּחַ הַסְּעָרָה הַגָּדוֹל."
"אַנַאקְוַאד","cloud","אַלְגוֹנְקְוִינִי. כִּסּוּי שָׁמַיִם, מֵבִיא גֶּשֶׁם."
"מִיקְוַאם","ice","אַלְגוֹנְקְוִינִי. מַיִם קְפוּאִים, קַשְׁיוּת הַחֹרֶף."
"אַנִימִיקִי־נוֹנְדַאגוֹזִי","thunder","אַלְגוֹנְקְוִינִי, פֵּירוּשׁוֹ 'רַעַם נִשְׁמָע'—קוֹל יְצוּרֵי הַסְּעָרָה."
"וָאסַאמוֹוִין","lightning","אַלְגוֹנְקְוִינִי. אוֹר הַבָּזָק, אֵשׁ הַשָּׁמַיִם."
"וָאבִישְׁקָא","white","אַלְגוֹנְקְוִינִי. צֶבַע הַשֶּׁלֶג, קְלִפַּת הַלֶּבְנֶה, הָעֶצֶם."
"מַקַאטֵא","black","אַלְגוֹנְקְוִינִי. צֶבַע הַלַּיְלָה, אֲדָמָה עֲשִׁירָה, עוֹרֵב."
"מִיסְקְוָא","red","אַלְגוֹנְקְוִינִי. צֶבַע הַדָּם, הַשְּׁקִיעָה, עֲלֵי הַסְּתָיו."
"אוֹזָאוִי","yellow","אַלְגוֹנְקְוִינִי. צֶבַע הַשֶּׁמֶשׁ, הָאוֹהְבַת כּוֹכָב, הַלֶּבְנֶה בַּסְּתָיו."
"אוֹזְ׳אַוַאשְׁקוֹ","blue, green","אַלְגוֹנְקְוִינִי. צֶבַע הַשָּׁמַיִם וְהַיַּעַר—מִלָּה אַחַת לִשְׁנֵיהֶם, כְּמוֹ בְּהַרְבֵּה שְׂפָתוֹת."
"מַקַאטֵאוָאנְדֵא","brown","אַלְגוֹנְקְוִינִי. צֶבַע אֲדָמָה, צֶבַע קְלִפָּה."
"מִיסְקוֹמַקַאטֵא","purple","אַלְגוֹנְקְוִינִי, פֵּירוּשׁוֹ 'אָדֹם-שָׁחֹר'—הַמִּזּוּג שֶׁעוֹשֶׂה סָגֹל."
"מַחְשֵׁב","computer","עִבְרִית, מֵהַשֹּׁרֶשׁ ח-ש-ב (לַחְשֹׁב). מְכוֹנוֹת חֲשִׁיבָה מֻפְשָׁטוֹת מְקַבְּלוֹת שֵׁמוֹת עִבְרִיִּים."
"רֶשֶׁת","internet","עִבְרִית (רֶשֶׁת). מַבְנֶה קִשּׁוּר מֻפְשָׁט—עִבְרִית."
"אֲתָר־רֶשֶׁת","website","צֵרוּף עִבְרִי: מָקוֹם + רֶשֶׁת. מִקּוֹם מֻפְשָׁט בְּרֶשֶׁת מֻפְשֶׁטֶת."
"דֹּאַר־אֵלֶקְטְרוֹנִי","email","צֵרוּף עִבְרִי: דֹּאַר + אֵלֶקְטְרוֹנִי. טֶכְנוֹלוֹגְיַת תִּקְשֹׁרֶת מִתְאִימָה לְתַבְנִיוֹת עִבְרִיּוֹת."
"לְהַקְלִיד","to type, to click","מָקוֹר עִבְרִי. פֹּעֲלֵי פְּעֻלָּה דִּיגִיטָלִית בְּעִבְרִית—הֵם הַפְשָׁטוֹת שֶׁל פְּעֻלּוֹת פִיזִיּוֹת."
"מָסָךְ","screen","עִבְרִית. הַמַּחְסוֹם/הַכִּסּוּי שֶׁמַּרְאֶה תְּמוּנוֹת."
"מְכוֹנִית","car","עִבְרִית. מְכוֹנָה-לִנְסִיעָה, מֵהַשֹּׁרֶשׁ כ-ו-נ."
"אוֹטוֹבּוּס","bus","מִלַּת הַשְׁאָלָה בֵּינְלְאֻמִּית. טֶרְמִינוֹלוֹגְיַת תַּחְבּוּרָה צִבּוּרִית נִשְׁאֶרֶת בֵּינְלְאֻמִּית."
"רַכֶּבֶת","train","עִבְרִית. מֵר-כ-ב, לִרְכֹּב/לַעֲלוֹת—דָּבָר שֶׁרוֹכְבִים עָלָיו."
"מָטוֹס","airplane","עִבְרִית. מֵט-ו-ס, לָטוּס—דָּבָר שֶׁעָף."
"אוֹפַנַּיִם","bicycle","עִבְרִית, צוּרַת זוּג: 'שְׁנֵי גַּלְגַּלִּים.' עִבְרִית אוֹהֶבֶת צֵרוּפִים תֵּאוּרִיִּים."
"ג׳ימָאן","boat, canoe","אַלְגוֹנְקְוִינִי. כְּלֵי שַׁיִט מֵאוֹצַר הַמִּלִּים שֶׁל הָאָרֶץ—אֵלֶּה הָיוּ כָּאן רִאשׁוֹנִים."
"כְּבִישׁ","road, highway","עִבְרִית. כְּבִישׁ סָלוּל כְּמֻשָּׂג, שׁוֹנֶה מִשְּׁבִיל (תְּמָקָאן)."
"בֵּית־חוֹלִים","hospital","עִבְרִית: בֵּית שֶׁל חוֹלִים. מוֹסְדוֹת רְפוּאִיִּים בְּעִבְרִית."
"רוֹפֵא","doctor","עִבְרִית. מְרַפֵּא—תַּפְקִיד מֻפְשָׁט."
"רְפוּאָה","medicine (modern)","עִבְרִית. רִפּוּי כְּמֻשָּׂג מֻפְשָׁט. הַשְׁוֵה לְאַלְגוֹנְקְוִינִי מַאשְׁקִיקִי לִרְפוּאָה מָסָרְתִּית."
"מַאשְׁקִיקִי","traditional medicine","אַלְגוֹנְקְוִינִי. רְפוּאָה מֵהָאָרֶץ, צְמָחִים, טֶקֶס."
"בֵּית־סֵפֶר","school","עִבְרִית: בֵּית שֶׁל סֵפֶר. מוֹסְדוֹת חִנּוּךְ בְּעִבְרִית."
"מוֹרֶה / מוֹרָה","teacher","עִבְרִית. מִי שֶׁמַּרְאֶה, מְלַמֵּד—תַּפְקִיד מֻפְשָׁט."
"תַּלְמִיד / תַּלְמִידָה","student","עִבְרִית. מִי שֶׁלּוֹמֵד—מֵל-מ-ד."
"סֵפֶר","book","עִבְרִית. יְדִיעָה כְּתוּבָה הִיא טֶרִיטוֹרְיָה עִבְרִית."
"לִקְרֹא","to read","מָקוֹר עִבְרִי. קְרִיאָה—מְיֻמָּנוּת מֻפְשֶׁטֶת—הִיא עִבְרִית."
"לִכְתֹּב","to write","מָקוֹר עִבְרִי. כְּתִיבָה—מְיֻמָּנוּת מֻפְשֶׁטֶת—הִיא עִבְרִית."
"לִלְמֹד","to learn","מָקוֹר עִבְרִי. לְמִידָה—תַּהֲלִיךְ מֻפְשָׁט—הִיא עִבְרִית."
"מֶמְשָׁלָה","government","עִבְרִית. מִבְנִים פּוֹלִיטִיִּים מֻפְשָׁטִים בְּעִבְרִית."
"חֹק","law","עִבְרִית. הַפְשָׁטָה מִשְׁפָּטִית."
"שׁוֹפֵט","judge","עִבְרִית. תַּפְקִיד מִשְׁפָּטִי."
"צֶדֶק","justice","עִבְרִית. אֶחָד מֵהַשֵּׁמוֹת הַמֻּפְשָׁטִים הַגְּדוֹלִים—צְדָקָה, מִשְׁפָּט, מָה שֶׁנָּכוֹן."
"אֱמֶת","truth","עִבְרִית. עוֹד הַפְשָׁטָה גְּדוֹלָה. לֹא יְכוֹלָה לָבוֹא מִמָּקוֹם אַחֵר."
"חָכְמָה","wisdom","עִבְרִית. מָסֹרֶת הַחָכְמָה, שִׂכְלִית וְרוּחָנִית."
"אַהֲבָה","love","עִבְרִית. הָרֶגֶשׁ בְּעָמְקוֹ—עִבְרִית נוֹשֵׂאת אוֹתוֹ."
"זָאגִידִין","to love (tenderly)","אַלְגוֹנְקְוִינִי. חִבָּה פִיזִית, מַגָּע עָדִין—אַלְגוֹנְקְוִינִי יְכוֹלָה לְבַטֵּא זֶה אַחֶרֶת."
"יִרְאָה","fear, awe","עִבְרִית. יִרְאָה-וָפַחַד מְשֻׁלָּבִים, הָרֶגֶשׁ הַדָּתִי."
"כַּעַס","anger","עִבְרִית. הַפְשָׁטָה רִגְשִׁית."
"שִׂמְחָה","joy","עִבְרִית. הַשִּׂמְחָה הָעֲמֻקָּה שֶׁל חֲגִיגָה."
"צַעַר","sorrow, grief","עִבְרִית. צַעַר עָמֹק, סֵבֶל."
"מָה","what?","עִבְרִית. מִלּוֹת שְׁאֵלָה מֵעִבְרִית."
"מִי","who?","עִבְרִית. שׁוֹאֲלִים עַל אֲנָשִׁים."
"אֵיפֹה / אָאנְדִי","where?","עִבְרִית אֵיפֹה לְמָקוֹם מֻפְשָׁט; אַלְגוֹנְקְוִינִי אָאנְדִי לְ'אֵיפֹה עַל הָאָרֶץ.'"
"מָתַי / אָאנִין אַפִּי","when?","עִבְרִית מָתַי לִזְמַן מֻפְשָׁט/מְתֻכְנָן; אַלְגוֹנְקְוִינִי אָאנִין אַפִּי לְ'מָתַי בַּיּוֹם/בָּעוֹנָה.'"
"לָמָּה / מַדּוּעַ","why?","עִבְרִית. שׁוֹאֲלִים סִבּוֹת—חֲקִירָה מֻפְשֶׁטֶת."
"אֵיךְ / אָאנִין","how?","עִבְרִית אֵיךְ לְ'בְּאֵיזֶה אֹפֶן' מֻפְשָׁט; אַלְגוֹנְקְוִינִי אָאנִין לְ'אֵיךְ עוֹשִׂים אֶת הַדָּבָר הַפִיזִי הַזֶּה.'"
"כַּמָּה / אָאנִין מִינִיק","how many?","עִבְרִית כַּמָּה לְכַמּוּת מֻפְשֶׁטֶת; אַלְגוֹנְקְוִינִי אָאנִין מִינִיק לִסְפִירַת דְּבָרִים פִיזִיִּים."
"זֶה / יוֹ","this (proximate)","עִבְרִית זֶה לְהַצְבָּעָה כְּלָלִית; יוֹ לְמַעֲקָב שִׂיחָה נָרָטִיבִית (מִשְׁתַּתֵּף קָרוֹב)."
"הוּא / יוֹוָא","that (obviative)","עִבְרִית הוּא לְהַפְנָיָה כְּלָלִית; יוֹוָא לְמַעֲקָב שִׂיחָה נָרָטִיבִית (מִשְׁתַּתֵּף אוֹבְיָאטִיבִי)."
"אֵלֶּה","these","עִבְרִית. הֶצְבֵּעַ רִבּוּי."
"הֵם / הֵן","those","עִבְרִית. הַפְנָיָה רְחוֹקָה רִבּוּי."
"אֲנִי / נִין","I","עִבְרִית אֲנִי בְּמַצָּב עַצְמָאִי; אַלְגוֹנְקְוִינִי נִין כְּשֶׁמַּדְגִּישִׁים 'אֲנִי בְּעַצְמִי.'"
"אַתָּה / אַתְּ / קִין","you (singular)","עִבְרִית אַתָּה/אַתְּ בְּמַצָּב עַצְמָאִי; אַלְגוֹנְקְוִינִי קִין כְּשֶׁמַּדְגִּישִׁים 'אַתָּה בְּעַצְמְךָ.'"
"הוּא / הִיא / וִין","he/she/it","עִבְרִית הוּא/הִיא בְּמַצָּב עַצְמָאִי; אַלְגוֹנְקְוִינִי וִין כְּשֶׁמַּדְגִּישִׁים 'הוּא/הִיא בְּעַצְמוֹ/ה.'"
"אֲנַחְנוּ / נִינַאוִינְד","we","עִבְרִית אֲנַחְנוּ בְּמַצָּב עַצְמָאִי; אַלְגוֹנְקְוִינִי נִינַאוִינְד לְ'אֲנַחְנוּ (לְלֹא אַתֶּם)' מֻדְגָּשׁ."
"גִּידִינַאוִינְד","we (inclusive)","אַלְגוֹנְקְוִינִי, פֵּירוּשׁוֹ 'אֲנַחְנוּ כּוֹלֵל אוֹתְךָ.' אַלְגוֹנְקְוִינִי מַבְדִּילָה בֵּין 'אֲנַחְנוּ' מְכַלֵּל לְ'אֲנַחְנוּ' מוֹצִיא."
"אַתֶּם / אַתֶּן / קִינַאוָא","you (plural)","עִבְרִית אַתֶּם/אַתֶּן; אַלְגוֹנְקְוִינִי קִינַאוָא לְהַדְגָּשָׁה."
"הֵם / הֵן / וִינַאוָא","they","עִבְרִית הֵם/הֵן; אַלְגוֹנְקְוִינִי וִינַאוָא לְהַדְגָּשָׁה."
"שֶׁלִּי / נְ־...־אִם","my, mine","עִבְרִית שֶׁלִּי לְ'שֶׁלִּי' עַצְמָאִי; קַדְמָא אַלְגוֹנְקְוִינִי נְ־ עַל שֵׁמוֹת קְנוּיִים."
"שֶׁלְּךָ / קְ־...־אִם","your, yours","עִבְרִית שֶׁלְּךָ; קַדְמָא אַלְגוֹנְקְוִינִי קְ־ עַל שֵׁמוֹת קְנוּיִים."
"שֶׁלּוֹ / שֶׁלָּהּ / וְ־...־אִם","his/her/its","עִבְרִית שֶׁלּוֹ/שֶׁלָּהּ; קַדְמָא אַלְגוֹנְקְוִינִי וְ־ עַל שֵׁמוֹת קְנוּיִים."
"חַשְׁמַל","electricity","עִבְרִית. מֻשָּׂג טֶכְנוֹלוֹגִי מוֹדֶרְנִי, שֹׁרֶשׁ עִבְרִי מֵחֲזוֹן יְחֶזְקֵאל."
"סוֹלְלָה","battery","עִבְרִית. מְכָשִׁיר אֶחְסוֹן כֹּחַ."
"מְכוֹנָה","machine","עִבְרִית. מְכָשִׁיר מֵכָנִי כְּלָלִי."
"לְתַקֵּן","to fix, repair","עִבְרִית. תִּקּוּן כְּמֻשָּׂג (גַּם תִּקּוּן—תִּקּוּן רוּחָנִי)."
"לִשְׁבֹּר","to break","עִבְרִית. שְׁבִירָה כְּאֵרוּעַ מֻפְשָׁט."
"כֶּסֶף","money","עִבְרִית (גַּם 'כֶּסֶף' הַמַּתֶּכֶת). אֶמְצָעִי חִלּוּפִין מֻפְשָׁט."
"לִקְנוֹת","to buy","עִבְרִית. עִסְקָה מִסְחָרִית."
"לִמְכֹּר","to sell","עִבְרִית. עִסְקָה מִסְחָרִית."
"חֲנוּת","store, shop","עִבְרִית. מָקוֹם מִסְחָרִי."
"מִיסְטִיגְוָאן","head","אַלְגוֹנְקְוִינִי. חֵלֶק גּוּף—פִיזִי, מוּחָשׁ."
"מִישְׁקִינְזְ׳יג","eye","אַלְגוֹנְקְוִינִי. אֵיבָר תְּפִיסָה."
"טַאוַאגַא","ear","אַלְגוֹנְקְוִינִי. אֵיבָר שְׁמִיעָה."
"טוֹן","mouth","אַלְגוֹנְקְוִינִי. אֵיבָר דִּבּוּר וַאֲכִילָה."
"ג׳אַאנְזְ׳","nose","אַלְגוֹנְקְוִינִי. אֵיבָר רֵיחָ."
"טֵא","heart (physical)","אַלְגוֹנְקְוִינִי. הָאֵיבָר הַפּוֹעֵם בֶּחָזֶה."
"לֵב","heart (spiritual)","עִבְרִית. מוֹשַׁב הָרֶגֶשׁ וְהָרָצוֹן—מֻפְשָׁט."
"מִיסְקְוִי","blood","אַלְגוֹנְקְוִינִי. נוֹזֵל-חַיִּים, פִיזִי."
"אוֹקַאן","bone","אַלְגוֹנְקְוִינִי. מִבְנֶה פִיזִי."
"וִינִיזִיס","skin","אַלְגוֹנְקְוִינִי. כִּסּוּי חִיצוֹנִי."
"וִינִיסִיס","hair","אַלְגוֹנְקְוִינִי. כִּסּוּי רֹאשׁ."
"נֶשָׁמָה / נְפֶשׁ","soul, spirit","עִבְרִית. הַמַּהוּת הָרוּחָנִית הַפְּנִימִית—מֻפְשֶׁטֶת."
"חַיִּים","life","עִבְרִית. הַמֻּשָּׂג הַמֻּפְשָׁט שֶׁל לִחְיוֹת."
"מָוֶת","death","עִבְרִית. הַמֻּשָּׂג הַמֻּפְשָׁט שֶׁל לָמוּת."
"לְהִוָּלֵד","to be born","מָקוֹר עִבְרִי. לֵידָה כְּאֵרוּעַ—רֶגַע מֻפְשָׁט."
"לָמוּת","to die","מָקוֹר עִבְרִי. מָוֶת כְּאֵרוּעַ—רֶגַע מֻפְשָׁט."
"לָגוּר","to live, dwell","עִבְרִית לְמִגּוּרִים; אַלְגוֹנְקְוִינִי דַאוֵי לִהְיוֹת פִיזִית בְּחַיִּים."
"דַאוֵי","to be alive","אַלְגוֹנְקְוִינִי. לִהְיוֹת פִיזִית בְּחַיִּים, לִנְשֹׁם, לִהְיוֹת נוֹכֵחַ בָּעוֹלָם."
"טוֹב / מִינוֹ","good","עִבְרִית טוֹב לְטוּב מוּסָרִי/מֻפְשָׁט; אַלְגוֹנְקְוִינִי מִינוֹ לִבְרִיאוּת פִיזִית, נְעִימוּת."
"רַע / מָאג׳י","bad","עִבְרִית רַע לְרוֹעַ מוּסָרִי/מֻפְשָׁט; אַלְגוֹנְקְוִינִי מָאג׳י לְחֹסֶר-נְעִימוּת פִיזִי, סַכָּנָה."
"גָּדוֹל / מִיצָא","big, great","עִבְרִית גָּדוֹל לְגְדֻלָּה מֻפְשֶׁטֶת; אַלְגוֹנְקְוִינִי מִיצָא לְגֹדֶל פִיזִי."
"קָטָן / אַגָאסִי","small, little","עִבְרִית קָטָן לְקַטְנוּת מֻפְשֶׁטֶת; אַלְגוֹנְקְוִינִי אַגָאסִי לְקֹטֶן פִיזִי."
"זָקֵן","old (person)","עִבְרִית. מַעֲמַד זָקֵן—קַטֵגוֹרְיַת כָּבוֹד."
"יָשָׁן / גֵאט","old (thing)","עִבְרִית יָשָׁן לְגִיל מֻפְשָׁט; אַלְגוֹנְקְוִינִי גֵאט לִבְלִיָּה פִיזִית."
"חָדָשׁ / אוֹשְׁקִי","new","עִבְרִית חָדָשׁ לְחִדּוּשׁ מֻפְשָׁט; אַלְגוֹנְקְוִינִי אוֹשְׁקִי לִטְרִיּוּת פִיזִית."
"חַם / גִיזְ׳אַאטֵא","hot","עִבְרִית חַם לְחֹם מֻפְשָׁט; אַלְגוֹנְקְוִינִי גִיזְ׳אַאטֵא לְחֹם פִיזִי שֶׁאַתָּה מַרְגִּישׁ."
"קַר / גִיקַאג׳","cold","עִבְרִית קַר לְקֹר מֻפְשָׁט; אַלְגוֹנְקְוִינִי גִיקַאג׳ לְקֹר פִיזִי שֶׁאַתָּה מַרְגִּישׁ."
"פֹּה / אוֹמָא","here","עִבְרִית פֹּה לְ'בַּנְּקֻדָּה הַזֹּאת' מֻפְשָׁט; אַלְגוֹנְקְוִינִי אוֹמָא לְ'מַמָּשׁ כָּאן עַל הָאֲדָמָה הַזֹּאת.'"
"שָׁם / אִימָא","there","עִבְרִית שָׁם לְ'בַּנְּקֻדָּה הַהִיא' מֻפְשָׁט; אַלְגוֹנְקְוִינִי אִימָא לְ'שָׁם בַּמָּקוֹם הַהוּא.'"
"עַתָּה / נוֹנְגוֹם","now","עִבְרִית עַתָּה לְהֹוֶה מֻפְשָׁט; אַלְגוֹנְקְוִינִי נוֹנְגוֹם לְ'מַמָּשׁ עַכְשָׁיו, הָרֶגַע הַזֶּה.'"
"אָז / מִי־אַפִּי","then","עִבְרִית אָז לְהַפְנָיַת עָבָר מֻפְשֶׁטֶת; אַלְגוֹנְקְוִינִי מִי אַפִּי לְ'הַזְּמַן הַהוּא, כְּשֶׁזֶּה קָרָה.'"
"תָּמִיד / אַפָּאנֵא","always","עִבְרִית תָּמִיד לְתָמִיד נִצְחִי/לִיטוּרְגִּי; אַלְגוֹנְקְוִינִי אַפָּאנֵא לְ'כָּל פַּעַם' יוֹם-יוֹמִי."
"לְעוֹלָם לֹא / וִיכָא","never","עִבְרִית לְעוֹלָם לֹא לְאַף-פַּעַם מֻחְלָט; אַלְגוֹנְקְוִינִי וִיכָא לְ'לֹא אֵי פַּעַם, אַף לֹא פַּעַם אַחַת.'"
"הַכֹּל / קַאקִינָא","everything","עִבְרִית הַכֹּל לְכֹּל מֻפְשָׁט; אַלְגוֹנְקְוִינִי קַאקִינָא לְ'כָּל הַדְּבָרִים הָאֵלֶּה כָּאן.'"
"כְּלוּם / קָאוִין גֵאגוֹ","nothing","עִבְרִית כְּלוּם לְכְּלוּם מֻפְשָׁט; אַלְגוֹנְקְוִינִי קָאוִין גֵאגוֹ לְ'לֹא דָּבָר.'"
"מִישֶׁהוּ / אַוִויָא","someone","עִבְרִית מִישֶׁהוּ; אַלְגוֹנְקְוִינִי אַוִויָא לְאָדָם לֹא-מְיֻחָד."
"אַף אֶחָד / קָאוִין אַוִויָא","no one","עִבְרִית אַף אֶחָד; אַלְגוֹנְקְוִינִי קָאוִין אַוִויָא לְ'לֹא אַף אֶחָד.'"
"מְאֹד / אַפִּיצִ׳י","very, much","עִבְרִית מְאֹד לְעָצְמָה מֻפְשֶׁטֶת; אַלְגוֹנְקְוִינִי אַפִּיצִ׳י לְדַרְגָּה פִיזִית."
"קְצָת / פַּאנְגִי","a little","עִבְרִית קְצָת לְכַמּוּת קְטַנָּה מֻפְשֶׁטֶת; אַלְגוֹנְקְוִינִי פַּאנְגִי לְ'קְצָת מִזֶּה.'"
"עִם / מִינַאוָא","together with, and","עִבְרִית עִם לְ'יַחַד עִם'; אַלְגוֹנְקְוִינִי מִינַאוָא לְ'וְגַם, יַחַד עִם.'"
"אֲבָל / מִי דַאשׁ","but, however","עִבְרִית אֲבָל; אַלְגוֹנְקְוִינִי מִי דַאשׁ לְ'אֲבָל אָז, לְעֻמַּת זֹאת.'"
"אִם / קִישְׁפִּין","if","עִבְרִית אִם (זֶהָה לְ'עִם' אֲבָל הֶקְשֵׁר שׁוֹנֶה); אַלְגוֹנְקְוִינִי קִישְׁפִּין לִתְנַאי."
"כִּי / אוֹנְזַאם","because","עִבְרִית כִּי; אַלְגוֹנְקְוִינִי אוֹנְזַאם לְ'בִּגְלַל זֶה.'"
"לָכֵן / מִי סָא","so, therefore","עִבְרִית לָכֵן; אַלְגוֹנְקְוִינִי מִי סָא לְ'אָז, לָכֵן.'"
"כֵּן / אֶהֵא","yes","עִבְרִית כֵּן; אַלְגוֹנְקְוִינִי אֶהֵא לְאִשּׁוּר."
"לֹא / קָאוִין","no","עִבְרִית לֹא; אַלְגוֹנְקְוִינִי קָאוִין לִשְׁלִילָה."
"בְּבַקָּשָׁה / דָאגָא","please","עִבְרִית בְּבַקָּשָׁה; אַלְגוֹנְקְוִינִי דָאגָא לְבַקָּשָׁה מְנֻמֶּסֶת."
"סְלִיחָה","excuse me, sorry","עִבְרִית. הִתְנַצְּלוּת—מֻשָּׂג חֶבְרָתִי מֻפְשָׁט."
"בְּבַקָּשָׁה / מִי אִיוֵוה","you're welcome","עִבְרִית בְּבַקָּשָׁה שׁוּב; אַלְגוֹנְקְוִינִי מִי אִיוֵוה לְ'זֶהוּ, אֵין דָּבָר.'"
"מַזָּל טוֹב","congratulations","עִבְרִית. בְּרָכָה חֲגִיגִית."
"תַּנְחוּמִים","condolences","עִבְרִית. נֶחָמָה בְּאֵבֶל—מֻפְשָׁט."
"סִיבִּי","river","אַלְגוֹנְקְוִינִי. מַיִם זוֹרְמִים, עוֹרֶק-חַיִּים שֶׁל הָאָרֶץ."
"זָאגַאהִיגַן","lake","אַלְגוֹנְקְוִינִי. מַיִם עוֹמְדִים, מָקוֹם הִתְכַּנְּסוּת."
"גִיצִ׳יגַאמִי","ocean, great water","אַלְגוֹנְקְוִינִי. הַמַּיִם הַגְּדוֹלִים—אֲגַם סוּפֵּירְיוֹר נִקְרָא כָּךְ."
"מִינִיס","island","אַלְגוֹנְקְוִינִי. אֲדָמָה מֻקֶּפֶת מַיִם."
"מִיטִיגְוָאקִי","forest, woods","אַלְגוֹנְקְוִינִי. מְקוֹם-עֵצִים, הַיַּעַר הָעָמֹק."
"מִיטִיג","tree","אַלְגוֹנְקְוִינִי. הָעוֹמֵד, עַמּוּד חַי."
"מַאשְׁקוֹסִי","grass","אַלְגוֹנְקְוִינִי. כִּסּוּי-קַרְקַע יָרֹק."
"אֲסוּן","stone","לֶנַאפֶּה. הַזְּקֵנִים, סָבִים. לוֹקֵחַ רִבּוּי חַי—אֲבָנִים חַיּוֹת."
"אַכִּי","earth, land","אַלְגוֹנְקְוִינִי. הָאָרֶץ עַצְמָהּ, הָאֲדָמָה מִתַּחַת, הָאָרֶץ בִּשְׁלֵמוּתָהּ."
"גִיזְ׳יג","sky","אַלְגוֹנְקְוִינִי. הָעוֹלָם שֶׁלְּמַעְלָה, אֵיפֹה מֶזֶג הָאֲוִיר חַי."
"גִיזִיס","sun","אַלְגוֹנְקְוִינִי. אֵשׁ-הַיּוֹם, הָאוֹר הַגָּדוֹל."
"דִיבִּיקִי־גִיזִיס","moon (night sun)","אַלְגוֹנְקְוִינִי. שֶׁמֶשׁ-הַלַּיְלָה, אוֹר עָדִין יוֹתֵר."
"אִישְׁקוֹטֵא","fire","אַלְגוֹנְקְוִינִי. הַלֶּהָבָה הַחַיָּה, מֶרְכָּז הַבַּיִת וְהַטֶּקֶס."
"פּוֹגְוָאטֵא","smoke","אַלְגוֹנְקְוִינִי. נְשִׁימַת הָאֵשׁ, נוֹשֵׂאת תְּפִלּוֹת."
"פִּינְגְוִי","ash","אַלְגוֹנְקְוִינִי. מַה שֶׁנִּשְׁאָר אַחֲרֵי אֵשׁ, לְגִנּוֹת."
"גִיגוֹ","fish","אַלְגוֹנְקְוִינִי. יוֹשֵׁב-מַיִם, נוֹתֵן-אֹכֶל."
"וָאוָאשְׁקֶשִׁי","deer","אַלְגוֹנְקְוִינִי. קָרוֹב אַרְבָּעָה-רַגְלִי, נוֹתֵן אֹכֶל וּבְגָדִים."
"מוֹז","moose","אַלְגוֹנְקְוִינִי. הַגָּדוֹל שֶׁל יַעֲרוֹת הַצָּפוֹן."
"מַאהִינְגַאן","wolf","אַלְגוֹנְקְוִינִי. צַיָּד-לְהָקָה, מוֹרֶה שִׁתּוּף פְּעֻלָּה."
"מִיקִינָאק","turtle","אַלְגוֹנְקְוִינִי. נוֹשֵׂא-שְׁרִיוֹן, מַחֲזִיק-אֶרֶץ בְּסִפּוּרֵי הַבְּרִיאָה."
"אוֹמַאקַאקִי","frog","אַלְגוֹנְקְוִינִי. זַמָּר-בִּצָּה, מֵבִיא-גֶּשֶׁם."
"קִינֶבִּיק","snake","אַלְגוֹנְקְוִינִי. מַחְלִיק-קַרְקַע, יְצוּר-רְפוּאָה."
"זַאגִימֵא","mosquito","אַלְגוֹנְקְוִינִי. הַיִּסּוּר הַקָּטָן שֶׁל הַקַּיִץ."
"אוֹג׳ִי","fly","אַלְגוֹנְקְוִינִי. הַזִּמְזֵם."
"אָאמוֹ","bee","אַלְגוֹנְקְוִינִי. עוֹשֵׂה-דְּבַשׁ, מְבַקֵּר-פֶּרַח."
"וִיאַס","meat","אַלְגוֹנְקְוִינִי. אֹכֶל מֵחַי, בָּשָׂר."
"וָאוַאן","egg","אַלְגוֹנְקְוִינִי. תְּחִלַּת-צִפּוֹר, אֹכֶל בֹּקֶר."
"דוֹדוֹשָׁאבּוֹ","milk","אַלְגוֹנְקְוִינִי. מֵי-שָׁד, נוֹזֵל-הֲנָקָה."
"זִיוִיטָאגַאן","salt","אַלְגוֹנְקְוִינִי. מַגְבִּיר-טַעַם, חֹמֶר-מְשַׁמֵּר."
"זִיזִיבָּאקְוַאד","sugar","אַלְגוֹנְקְוִינִי. חֹמֶר-מָתוֹק, מָקוֹר מֵאֵדֶר."
"נָאבּוֹב","soup, broth","אַלְגוֹנְקְוִינִי. אֹכֶל נוֹזֵל, מָזוֹן."
"מִין","berry, berries","אַלְגוֹנְקְוִינִי. פְּרִי-יַעַר, אֹכֶל נֶאֱסָף."
"בַּאגָאן","nut","אַלְגוֹנְקְוִינִי. פְּרִי-עֵץ עִם קְלִפָּה."
"מִישְׁקוֹדֵאסִימִין","bean","אַלְגוֹנְקְוִינִי. אַחַת מִשְּׁלֹשׁ הָאֲחָיוֹת."
"אוֹקוֹסִימָאן","squash","אַלְגוֹנְקְוִינִי. אַחַת מִשְּׁלֹשׁ הָאֲחָיוֹת."
"אוֹפִּין","potato","אַלְגוֹנְקְוִינִי. יֶרֶק-שֹׁרֶשׁ."
"זְ׳יגָאגַאוַאנְזְ׳","onion","אַלְגוֹנְקְוִינִי. שֹׁרֶשׁ עָז-טַעַם."
"זְ׳יגָאגַאוַאנְזְ׳מַאגוֹזִי","garlic","צֵרוּף אַלְגוֹנְקְוִינִי: בָּצָל-עָז-רֵיחַ."
"ג׳יבָּאקְוֵי","to cook","אַלְגוֹנְקְוִינִי. הֲכָנַת אֹכֶל עַל אֵשׁ."
"אוֹנְזָאבִּיקִיזִיגֵא","to boil","אַלְגוֹנְקְוִינִי. לַעֲשׂוֹת שֶׁהַמַּיִם יָזוּזוּ עִם חֹם."
"זָאסַאקוֹקְוֵי","to fry","אַלְגוֹנְקְוִינִי. לְבַשֵּׁל בְּשֻׁמָּן."
"פָּאנֵא","to bake","אַלְגוֹנְקְוִינִי. בִּשּׁוּל-תַּנּוּר, אֲפִיַּת-לֶחֶם."
"קִישְׁקִיזְ׳ַאן","to cut","אַלְגוֹנְקְוִינִי. לְחַלֵּק עִם לַהַב."
"זְ׳יגְוֶבִּינָאן","to stir","אַלְגוֹנְקְוִינִי. לְהָזִיז נוֹזֵל סָבִיב."
"אָאבַּאג׳יטוֹן","to mix","אַלְגוֹנְקְוִינִי. לְשַׁלֵּב מַרְכִּיבִים."
"בַּאקַאדֵא","hungry","אַלְגוֹנְקְוִינִי. גּוּף-צָרִיךְ-אֹכֶל."
"גִישְׁקַאבָּאגְוֵא","thirsty","אַלְגוֹנְקְוִינִי. גּוּף-צָרִיךְ-מַיִם."
"דֵאבִּיסִינִי","full (from eating)","אַלְגוֹנְקְוִינִי. גּוּף-מְסֻפָּק-מֵאֹכֶל."
"אַאיֶאקוֹזִי","tired","אַלְגוֹנְקְוִינִי. גּוּף-צָרִיךְ-מְנוּחָה."
"מַאשְׁקַאוִיזִי","strong","אַלְגוֹנְקְוִינִי. גּוּף-עִם-כֹּחַ."
"זְ׳אָאגוֹזִי","weak","אַלְגוֹנְקְוִינִי. גּוּף-בְּלִי-כֹּחַ."
"אָאקוֹזִי","sick","אַלְגוֹנְקְוִינִי. גּוּף-לֹא-טוֹב."
"מִינוֹ־אַאיָא","healthy","אַלְגוֹנְקְוִינִי. גּוּף-בְּמַצָּב-טוֹב."
"נַאמַאדַאבִּי","to sit","אַלְגוֹנְקְוִינִי. גּוּף-בְּמְנוּחָה-יוֹשֵׁב."
"נִיבָּאוִי","to stand","אַלְגוֹנְקְוִינִי. גּוּף-זָקוּף."
"זְ׳ינְגִישִׁין","to lie down","אַלְגוֹנְקְוִינִי. גּוּף-אוֹפָקִי-נָח."
"בִּימִיבַּאטוֹ","to run","אַלְגוֹנְקְוִינִי. גּוּף-זָז-מַהֵר."
"גְוָאשְׁקְוַאנִי","to jump","אַלְגוֹנְקְוִינִי. גּוּף-עוֹזֵב-אֲדָמָה."
"בָּאגִיזוֹ","to swim","אַלְגוֹנְקְוִינִי. גּוּף-זָז-בְּמַיִם."
"אוֹמְבִּיגִיזִי","to fly","אַלְגוֹנְקְוִינִי. גּוּף-זָז-בָּאֲוִיר."
"אַקְוַאנְדַאוֵא","to climb","אַלְגוֹנְקְוִינִי. גּוּף-הוֹלֵךְ-לְמַעְלָה."
"פַּאנְגִישִׁין","to fall","אַלְגוֹנְקְוִינִי. גּוּף-הוֹלֵךְ-לְמַטָּה-פִּתְאוֹם."
"אוֹמְבִּיקַאנָאן","to push","אַלְגוֹנְקְוִינִי. לְהָזִיז-דָּבָר-הַרְחֵק."
"וִיקוֹבִּינָאן","to pull","אַלְגוֹנְקְוִינִי. לְהָזִיז-דָּבָר-לְכָאן."
"אַפַּאגִידוֹן","to throw","אַלְגוֹנְקְוִינִי. לִשְׁלֹחַ-דָּבָר-בָּאֲוִיר."
"טַאקוֹנָאן","to catch","אַלְגוֹנְקְוִינִי. לְקַבֵּל-דָּבָר-מֵהָאֲוִיר."
"בָּאקַאקוֹנָאן","to open","אַלְגוֹנְקְוִינִי. לַעֲשׂוֹת-שֶׁמַּעֲבָר-יִהְיֶה."
"גִיבַּאקַאהוֹנָאן","to close","אַלְגוֹנְקְוִינִי. לַעֲשׂוֹת-שֶׁמַּעֲבָר-לֹא-יִהְיֶה."
"פִּינְדִיגֵא","to enter","אַלְגוֹנְקְוִינִי. גּוּף-נִכְנָס."
"זָאגַאהַאם","to exit","אַלְגוֹנְקְוִינִי. גּוּף-יוֹצֵא."
"בִּי־אִיזְ׳אָא","to come","אַלְגוֹנְקְוִינִי. לָזוּז-לְכָאן."
"אִיזְ׳אָא","to go","אַלְגוֹנְקְוִינִי. לָזוּז-לְשָׁם."
"גִיוֵא","to return","אַלְגוֹנְקְוִינִי. לָזוּז-חֲזָרָה-הַבַּיְתָה."
"בִּידוֹן","to bring","אַלְגוֹנְקְוִינִי. לִשְׂאֵת-לְכָאן."
"אוֹדַאפִּינָאן","to take","אַלְגוֹנְקְוִינִי. לִתְפֹּס-וְלִקַּחַת."
"אַאטוֹן","to put, place","אַלְגוֹנְקְוִינִי. לָשִׂים-דָּבָר-לְמַטָּה."
"גַאנַאוֶנְדַאן","to hold","אַלְגוֹנְקְוִינִי. לִשְׁמֹר-בַּיָּד."
"טַאנְגִינָאן","to touch","אַלְגוֹנְקְוִינִי. לַעֲשׂוֹת-מַגָּע."
"בַּאקִיטֵאוָאן","to hit, strike","אַלְגוֹנְקְוִינִי. לְהַשְׁפִּיעַ-בְּכֹחַ."
"אִיקִידוֹ","to say, speak","אַלְגוֹנְקְוִינִי. לַעֲשׂוֹת-מִלִּים."
"דִיבָּאג׳ימוֹ","to tell, narrate","אַלְגוֹנְקְוִינִי. לְשַׁתֵּף-סִפּוּר."
"גַאגְוֵא","to ask","אַלְגוֹנְקְוִינִי. לְבַקֵּשׁ-תְּשׁוּבָה."
"נַאקְוֵאטַאם","to answer","אַלְגוֹנְקְוִינִי. לָתֵת-תְּגוּבָה."
"אִיזְ׳ינִיקָאזוֹ","to call, name","אַלְגוֹנְקְוִינִי. לְהִקָּרֵא-מַשֶּׁהוּ."
"בִּיבָּאגִי","to shout, yell","אַלְגוֹנְקְוִינִי. לַעֲשׂוֹת-קוֹל-חָזָק."
"פֵּיפָּאגִי","to whisper","אַלְגוֹנְקְוִינִי. לַעֲשׂוֹת-קוֹל-רַךְ."
"נַאגַאמוֹ","to sing","אַלְגוֹנְקְוִינִי. לַעֲשׂוֹת-קוֹל-שִׁיר."
"בִּיזִינְדַאם","to listen","אַלְגוֹנְקְוִינִי. לִשְׁמֹעַ-בִּפְעִילוּת."
"נִיסִיטַאוֵאנְדַאן","to understand","אַלְגוֹנְקְוִינִי. לִתְפֹּס-מַשְׁמָעוּת."
"גִיכֶנְדַאן","to know (a fact)","אַלְגוֹנְקְוִינִי. לְהַחֲזִיק-יְדִיעָה."
"גִיכְאָא","to know (a person)","אַלְגוֹנְקְוִינִי. לְהַכִּיר-מִישֶׁהוּ."
"אִינֶנְדַאם","to think","אַלְגוֹנְקְוִינִי. שֵׂכֶל-עוֹבֵד."
"דֶבְוֵאיֶנְדַאם","to believe","אַלְגוֹנְקְוִינִי. לְקַבֵּל-כְּאֱמֶת."
"נַאנְדַאוֶנְדַאן","to want, desire","אַלְגוֹנְקְוִינִי. שֵׂכֶל-נִמְשָׁךְ-אֶל."
"גוֹג׳יטוֹן","to try, attempt","אַלְגוֹנְקְוִינִי. לַעֲשׂוֹת-מַאֲמָץ."
"וִידוֹכַאוָא","to help","אַלְגוֹנְקְוִינִי. לִפְעֹל-עִם-אַחֵר."
"בִּיהָא","to wait","אַלְגוֹנְקְוִינִי. לְהִשָּׁאֵר-עַד."
"מִיכַאן","to find","אַלְגוֹנְקְוִינִי. לָבוֹא-עַל."
"וַאנִיטוֹן","to lose","אַלְגוֹנְקְוִינִי. לֹא-לְהַחֲזִיק-עוֹד."
"נַאנְדַאוָאבַאנְדַאן","to look for, seek","אַלְגוֹנְקְוִינִי. לְחַפֵּשׂ-בִּפְעִילוּת-בְּעֵינַיִם."
"קָאזוֹ","to hide","אַלְגוֹנְקְוִינִי. לַעֲשׂוֹת-עַצְמְךָ-לֹא-נִרְאֶה."
"וָאבַּאנְדַאהִיוֵא","to show","אַלְגוֹנְקְוִינִי. לִגְרֹם-לִרְאוֹת."
"גִיגִיזְ׳ֶב","morning","אַלְגוֹנְקְוִינִי. זְמַן-הַתְחָלַת-יוֹם."
"נָאוַאקְוֵא","afternoon","אַלְגוֹנְקְוִינִי. זְמַן-אֶמְצַע-יוֹם."
"אוֹנָאגוֹשׁ","evening","אַלְגוֹנְקְוִינִי. זְמַן-סִיּוּם-יוֹם."
"דִיבִּיקַאד","night","אַלְגוֹנְקְוִינִי. זְמַן-חֹשֶׁךְ."
"בִּיג׳ינָאגוֹ","yesterday","אַלְגוֹנְקְוִינִי. יוֹם-אֶחָד-אָחוֹרָה."
"אַוַאסוֹ־בִּיג׳ינָאגוֹ","day before yesterday","אַלְגוֹנְקְוִינִי. שְׁנֵי-יָמִים-אָחוֹרָה."
"אַנַאמִיאֵא־גִיזְ׳יגַאד","week","צֵרוּף אַלְגוֹנְקְוִינִי: תְּקוּפַת-יוֹם-תְּפִלָּה (שַׁבָּת). שָׁבוּעַ נִסְפָּר בְּשַׁבָּתוֹת."
"בִּיבוֹן","year","אַלְגוֹנְקְוִינִי. גַּם פֵּירוּשׁוֹ 'חֹרֶף'—שָׁנִים נִסְפָּרוֹת בְּחֳרָפִים שֶׁעָבְרוּ."
"מֵאָה / מִידָאסְוִי־בִּיבוֹנַאן","century","עִבְרִית מֵאָה לְמֻפְשָׁט; אַלְגוֹנְקְוִינִי 'עֶשֶׂר-חֳרָפִים כָּפוּל עֶשֶׂר' לְחֶשְׁבּוֹן קוֹנְקְרֵטִי."
"דּוֹר","generation","עִבְרִית. מֻשָּׂג מֻפְשָׁט שֶׁל רֶצֶף אָדָם."
"לְעוֹלָם / קָאקִיגֵא","forever","עִבְרִית לְעוֹלָם לְנִצְחִיּוּת תֵּאוֹלוֹגִית; אַלְגוֹנְקְוִינִי קָאקִיגֵא לְ'תָּמִיד, בְּלִי סוֹף.'"
"רֵאשִׁית / מָאג׳ִיסֵאג","beginning","עִבְרִית רֵאשִׁית לְהַתְחָלָה תֵּאוֹלוֹגִית (בְּרֵאשִׁית); אַלְגוֹנְקְוִינִי מָאג׳ִיסֵאג לְהַתְחָלָה פִיזִית."
"סוֹף / אִישְׁקְוָא","end","עִבְרִית סוֹף לְסוֹף מֻפְשָׁט; אַלְגוֹנְקְוִינִי אִישְׁקְוָא לִהַשְׁלָמָה פִיזִית."
"יוֹם הֻלֶּדֶת","birthday","צֵרוּף עִבְרִי: יוֹם שֶׁל הִוָּלְדוּת. אוֹצַר מִלִּים שֶׁל מַחֲזוֹרֵי חַיִּים."
"חֲתֻנָּה","wedding","עִבְרִית. אוֹצַר מִלִּים שֶׁל מַחֲזוֹרֵי חַיִּים."
"לְוָיָה","funeral","עִבְרִית. אוֹצַר מִלִּים שֶׁל מַחֲזוֹרֵי חַיִּים."
"בַּר/בַּת מִצְוָה","bar/bat mitzvah","עִבְרִית: בֵּן/בַּת שֶׁל מִצְוָה. הִתְבַּגְּרוּת."
"חַג","holiday, festival","עִבְרִית. זְמַן קָדוֹשׁ."
"פֶּסַח","Passover","עִבְרִית. חַג שִׁחְרוּר הָאָבִיב."
"שָׁבוּעוֹת","Shavuot","עִבְרִית. גִּלּוּי, בִּכּוּרִים."
"סֻכּוֹת","Sukkot","עִבְרִית. סֻכּוֹת הַקָּצִיר."
"רֹאשׁ הַשָּׁנָה","Rosh Hashanah","עִבְרִית: רֹאשׁ הַשָּׁנָה. שָׁנָה חֲדָשָׁה."
"יוֹם כִּפּוּר","Yom Kippur","עִבְרִית: יוֹם הַכַּפָּרָה."
"חֲנֻכָּה","Chanukah","עִבְרִית. חַג הָאוֹרוֹת."
"פּוּרִים","Purim","עִבְרִית. גּוֹרָלוֹת, חֲגִיגַת הִשָּׂרְדוּת."
"לְבָרֵךְ","to bless","מָקוֹר עִבְרִי. בְּרָכָה הִיא תְּחוּם הָעִבְרִית."
"לְקַלֵּל","to curse","מָקוֹר עִבְרִי. גַּם הֵפֶךְ הַבְּרָכָה."
"לִסְלֹחַ","to forgive","מָקוֹר עִבְרִי. פְּעֻלָּה מוּסָרִית."
"לָשׁוּב / לַחֲזֹר בִּתְשׁוּבָה","to repent","עִבְרִית. לָשׁוּב, לַחֲזֹר."
"חֵטְא / עֲבֵרָה","sin, transgression","עִבְרִית. קַטֵגוֹרִיּוֹת מוּסָרִיּוֹת."
"זְכוּת / מִצְוָה","merit, good deed","עִבְרִית. קַטֵגוֹרִיּוֹת מוּסָרִיּוֹת חִיּוּבִיּוֹת."
"מַלְאָךְ","angel","עִבְרִית. שָׁלִיחַ רוּחָנִי."
"שֵׁד","demon, evil spirit","עִבְרִית. יְצוּר רוּחָנִי שְׁלִילִי."
"שָׁמַיִם","heaven","עִבְרִית. הָעוֹלָם שֶׁלְּמַעְלָה."
"אֶרֶץ","earth (world)","עִבְרִית. הָעוֹלָם כְּמֻשָּׂג (שׁוֹנֶה מֵאַכִּי, אֲדָמָה פִיזִית)."
"עוֹלָם","world","עִבְרִית. כְּלַל הַמְּצִיאוּת."
"בְּרִיאָה","creation","עִבְרִית. מַעֲשֵׂה הַבְּרִיאָה הַקוֹסְמִית."
"בּוֹרֵא","Creator","עִבְרִית. הָאֶחָד שֶׁבּוֹרֵא."
"בְּרִית","covenant","עִבְרִית. הֶסְכֵּם מְחַיֵּב."
"הַבְטָחָה","promise","עִבְרִית. הִתְחַיְּבוּת מֻפְשֶׁטֶת."
"סִפּוּר / אַאדִיזוֹכָאן","story, tale","עִבְרִית סִפּוּר לְסִפּוּר מֻפְשָׁט; אַלְגוֹנְקְוִינִי אַאדִיזוֹכָאן לְסִפּוּר-לִמּוּד מָסָרְתִּי."
"שִׁיר","song (as concept)","עִבְרִית שִׁיר לְשִׁיר כְּאָמָּנוּת; נַאגַאמוֹוִין לְשִׁיר כְּבִצּוּעַ."
"רִקּוּד / נִימִי","dance","עִבְרִית רִקּוּד לְרִקּוּד כְּמֻשָּׂג; אַלְגוֹנְקְוִינִי נִימִי לְמַעֲשֵׂה הָרִקּוּד."
"טֶוֶוהִיגַן־נַאגַאמוֹוִין","drum song","הִיבְּרִידִי: תֹּף אַלְגוֹנְקְוִינִי + שֵׁם-שִׁיר. מוּסִיקָה טִקְסִית."
"גִיוִיטָאשִׁימוֹ","round dance","אַלְגוֹנְקְוִינִי. רִקּוּד מַעְגָּל, רִקּוּד חֶבְרָתִי."
"זְ׳ינְגְלֵא־נִימִי","jingle dress dance","הִיבְּרִידִי: 'ג׳ינְגֵל' מִמָּקוֹר אַנְגְלִי + רִקּוּד אַלְגוֹנְקְוִינִי. מֻנָּח פָּאוּ-וָאוּ מוֹדֶרְנִי."
"מַאשְׁקוֹסִי־נִימִי","grass dance","אַלְגוֹנְקְוִינִי. סִגְנוֹן רַקְדָן-עֵשֶׂב."
